Workbook

Sheet original_data
A1: store_id | B1: month | C1: region | D1: store_type | E1: marketing_spend | F1: footfall | G1: avg_discount_pct | H1: staff_count | I1: inventory_availability_pct | J1: competitor_distance_km | K1: holiday_flag | L1: customer_rating | M1: monthly_sales | N1: monthly_profit
A2: STR-1001 | B2: 45658 | C2: East | D2: Residential | E2: 70389.11 | F2: 8302 | G2: 0.042 | H2: 17 | I2: 75 | J2: 5.28 | K2: 1 | L2: 3.1 | M2: 658832.62 | N2: 84349.93
A3: STR-1001 | B3: 45689 | C3: East | D3: Residential | E3: 43827.89 | F3: 8487 | G3: 0.168 | H3: 23 | I3: 84.4 | J3: 4.31 | K3: 0 | L3: 2.8 | M3: 634436 | N3: 106130.54
A4: STR-1001 | B4: 45717 | C4: East | D4: Residential | E4: 59921.75 | F4: 9113 | G4: 0.133 | H4: 20 | I4: 88 | J4: 12 | K4: 0 | L4: 3.2 | M4: 678722.06 | N4: 101883.86
A5: STR-1001 | B5: 45748 | C5: East | D5: Residential | E5: 56856.63 | F5: 9431 | G5: 0.142 | H5: 23 | I5: 86.9 | J5: 4.97 | K5: 0 | L5: 3.4 | M5: 658920.3 | N5: 97910.37
A6: STR-1002 | B6: 45658 | C6: East | D6: High Street | E6: 48412.64 | F6: 9545 | G6: 0.231 | H6: 21 | I6: 97.6 | J6: 6.94 | K6: 1 | L6: 4.2 | M6: 741341.44 | N6: 119208.17
A7: STR-1002 | B7: 45689 | C7: East | D7: High Street | E7: 64811.21 | F7: 9792 | G7: 0.112 | H7: 20 | I7: 84.2 | J7: 2.88 | K7: 0 | L7: 4.2 | M7: 761835.34 | N7: 149602.23
A8: STR-1002 | B8: 45717 | C8: East | D8: High Street | E8: 46213.45 | F8: 10616 | G8: 0.122 | H8: 22 | I8: 85.2 | J8: 0.2 | K8: 1 | L8: 4.1 | M8: 806615.54 | N8: 131364.62
A9: STR-1002 | B9: 45748 | C9: East | D9: High Street | E9: 68148.52 | F9: 8567 | G9: 0.127 | H9: 23 | I9: 95.6 | J9: 0.8 | K9: 0 | L9: 3.9 | M9: 850164.26 | N9: 149262.75
A10: STR-1003 | B10: 45658 | C10: North | D10: Airport | E10: 71838.86 | F10: 10979 | G10: 0.215 | H10: 26 | I10: 88.6 | J10: 7.7 | K10: 1 | L10: 3.8 | M10: 930581.7 | N10: 136207.98
A11: STR-1003 | B11: 45689 | C11: North | D11: Airport | E11: 68133.44 | F11: 9459 | G11: 0.22 | H11: 21 | I11: 85 | J11: 1.91 | K11: 0 | L11: 4.2 | M11: 779010.94 | N11: 106328.09
A12: STR-1003 | B12: 45717 | C12: North | D12: Airport | E12: 34285.21 | F12: 9172 | G12: 0.213 | H12: 22 | I12: 88.3 | J12: 10.46 | K12: 1 | L12: 3.8 | M12: 723060.76 | N12: 123131.24
A13: STR-1003 | B13: 45748 | C13: North | D13: Airport | E13: 67979.88 | F13: 11230 | G13: 0.002 | H13: 28 | I13: 85.3 | J13: 7.16 | K13: 0 | L13: 3.8 | M13: 910791.94 | N13: 158891.28
... A34: STR-1009 | B34: 45658 | C34: North | D34: Residential | E34: 54597.83 | F34: 9429 | G34: 0.188 | H34: 21 | I34: 83.3 | J34: 11.71 | K34: 0 | L34: 4.2 | M34: 641865.03 | N34: 81342.58
A35: STR-1009 | B35: 45689 | C35: North | D35: Residential | E35: 73771.91 | F35: 11695 | G35: 0.07 | H35: 25 | I35: 84.7 | J35: 0.62 | K35: 0 | M35: 799477.76 | N35: 164974.41
A36: STR-1009 | B36: 45717 | C36: North | D36: Residential | E36: 74413.88 | F36: 9449 | G36: 0.039 | H36: 23 | I36: 92.1 | J36: 2.12 | K36: 0 | L36: 3.5 | M36: 798952.17 | N36: 161499.04
A37: STR-1009 | B37: 45748 | C37: North | D37: Residential | E37: 52483.77 | F37: 10453 | G37: 0.247 | H37: 25 | I37: 99 | J37: 6.31 | K37: 0 | L37: 3.6 | M37: 800979.78 | N37: 149242.27
A38: STR-1010 | B38: 45658 | C38: North | D38: Mall | E38: 75269.87 | F38: 8838 | G38: 0.092 | H38: 21 | I38: 83.1 | J38: 9.56 | K38: 1 | L38: 4.2 | M38: 820593.93 | N38: 115860.06
A39: STR-1010 | B39: 45689 | C39: North | D39: Mall | E39: 61245.41 | F39: 8156 | G39: 0.156 | H39: 19 | I39: 92.9 | J39: 9.05 | K39: 0 | L39: 3.8 | M39: 718330.53 | N39: 93247.9
A40: STR-1010 | B40: 45717 | C40: North | D40: Mall | E40: 93381.26 | F40: 7562 | G40: 0.198 | H40: 19 | I40: 82.9 | J40: 5.05 | K40: 0 | L40: 4 | M40: 736633.4 | N40: 115654.66
A41: STR-1010 | B41: 45748 | C41: North | D41: Mall | E41: 65012.19 | F41: 9598 | G41: 0.085 | H41: 24 | I41: 98.3 | J41: 0.89 | K41: 0 | L41: 3.8 | M41: 828623.85 | N41: 167320.52
A42: STR-1011 | B42: 45658 | C42: East | D42: Mall | E42: 40462.94 | F42: 3660 | G42: 0.218 | H42: 11 | I42: 95.2 | J42: 5.57 | K42: 0 | L42: 4.4 | M42: 592195.85 | N42: 92291.56
A43: STR-1011 | B43: 45689 | C43: East | D43: Mall | E43: 46123.88 | F43: 3227 | G43: 0.143 | H43: 10 | I43: 75.4 | J43: 1.06 | K43: 0 | L43: 4.4 | M43: 532644.46 | N43: 60681.32
A44: STR-1011 | B44: 45717 | C44: East | D44: Mall | E44: 68077.54 | F44: 3360 | G44: 0.128 | H44: 14 | I44: 88.2 | J44: 1.24 | K44: 1 | L44: 4 | M44: 657429.18 | N44: 88919.74
A45: STR-1011 | B45: 45748 | C45: East | D45: Mall | E45: 64882.14 | F45: 3642 | G45: 0.019 | H45: 13 | I45: 87.8 | J45: 4.52 | K45: 0 | L45: 4.2 | M45: 605178 | N45: 106958.74
A46: STR-1012 | B46: 45658 | C46: West | D46: Residential | E46: 138855.51 | F46: 5145 | G46: 0.06 | H46: 17 | I46: 88.2 | J46: 9.58 | K46: 0 | L46: 3.2 | M46: 595467.6 | N46: 104276.46
A47: STR-1012 | B47: 45689 | C47: West | D47: Residential | E47: 63630.21 | F47: 4460 | G47: 0.235 | H47: 14 | I47: 98.6 | J47: 5.52 | K47: 0 | L47: 3.5 | M47: 599603.4 | N47: 112685.12
... A72: STR-1018 | B72: 45717 | C72: East | D72: High Street | E72: 60571.82 | F72: 3193 | G72: 0.197 | H72: 7 | I72: 99 | J72: 1.43 | K72: 0 | L72: 3.2 | M72: 605023.87 | N72: 98545.81
A73: STR-1018 | B73: 45748 | C73: East | D73: High Street | E73: 55081.16 | F73: 5485 | G73: 0.036 | H73: 12 | I73: 88 | K73: 0 | L73: 3.5 | M73: 674774.09 | N73: 141917.59
A74: STR-1019 | B74: 45658 | C74: East | D74: Residential | E74: 46201.46 | F74: 5918 | G74: 0.277 | H74: 13 | I74: 78.8 | J74: 4.91 | K74: 0 | L74: 4.5 | M74: 616069.41 | N74: 54453.99
A75: STR-1019 | B75: 45689 | C75: East | D75: Residential | E75: 53762.92 | F75: 6821 | G75: 0.066 | H75: 19 | I75: 94.6 | J75: 7.03 | K75: 0 | L75: 4.4 | M75: 630829.94 | N75: 117090.02
A76: STR-1019 | B76: 45717 | C76: East | D76: Residential | E76: 70144.78 | F76: 6806 | G76: 0.178 | H76: 20 | I76: 93.1 | J76: 0.28 | K76: 1 | L76: 4.3 | M76: 788087.68 | N76: 116803.42
A77: STR-1019 | B77: 45748 | C77: East | D77: Residential | E77: 58749.63 | F77: 8252 | G77: 0.203 | H77: 20 | I77: 85.2 | J77: 3.61 | K77: 0 | L77: 4.5 | M77: 680840.36 | N77: 68007.68
A78: STR-1020 | B78: 45658 | C78: South | D78: High Street | E78: 56973.18 | F78: 6662 | G78: 0.1 | H78: 15 | I78: 77.7 | J78: 7.52 | K78: 1 | L78: 3.2 | M78: 643657.47 | N78: 87022.45
A79: STR-1020 | B79: 45689 | C79: South | D79: High Street | E79: 54872.82 | F79: 5962 | G79: 0.064 | H79: 12 | I79: 85.4 | J79: 2.58 | K79: 0 | L79: 2.9 | M79: 691112.6 | N79: 109212.83
A80: STR-1020 | B80: 45717 | C80: South | D80: High Street | E80: 80562.81 | F80: 7470 | G80: 0.172 | H80: 16 | I80: 83.5 | J80: 2.29 | K80: 0 | L80: 3.3 | M80: 776922.17 | N80: 150701.93
A81: STR-1020 | B81: 45748 | C81: South | D81: High Street | E81: 77999.9 | F81: 5974 | G81: 0.252 | H81: 14 | I81: 81.3 | J81: 2.39 | K81: 0 | L81: 3.2 | M81: 636561.34 | N81: 93861.06
A82: STR-1021 | B82: 45658 | C82: West | D82: Mall | E82: 60881.01 | F82: 5410 | G82: 0.179 | H82: 15 | I82: 83.9 | J82: 5.24 | K82: 0 | L82: 4.6 | M82: 621369.58 | N82: 85493.64
A83: STR-1021 | B83: 45689 | C83: West | D83: Mall | E83: 60628.38 | F83: 4451 | G83: 0.095 | H83: 10 | I83: 89.6 | J83: 3.17 | K83: 0 | L83: 4.6 | M83: 682208.01 | N83: 110318.84
A84: STR-1021 | B84: 45717 | C84: West | D84: Mall | E84: 72731.14 | F84: 4644 | G84: 0.084 | H84: 15 | I84: 87.1 | J84: 2.66 | K84: 0 | L84: 4.6 | M84: 727241.86 | N84: 155810.3
A85: STR-1021 | B85: 45748 | C85: West | D85: Mall | E85: 36475.71 | F85: 3559 | G85: 0.03 | H85: 8 | I85: 83.6 | J85: 1.41 | K85: 0 | L85: 4.2 | M85: 569100.78 | N85: 104808.78
A86: STR-1022 | B86: 45658 | C86: West | D86: High Street | E86: 55388.11 | F86: 3091 | G86: 0.108 | H86: 7 | I86: 85.4 | J86: 7.34 | K86: 0 | L86: 4.9 | M86: 574436.29 | N86: 80271.99
A87: STR-1022 | B87: 45689 | C87: West | D87: High Street | E87: 88443.77 | F87: 4004 | G87: 0.206 | H87: 11 | I87: 91.9 | J87: 5.95 | K87: 0 | M87: 611766.72 | N87: 88275.61
A88: STR-1022 | B88: 45717 | C88: West | D88: High Street | E88: 78231.91 | F88: 3788 | G88: 0.059 | H88: 11 | I88: 88.5 | J88: 15.51 | K88: 0 | L88: 4.3 | M88: 614596.32 | N88: 131199.41
A89: STR-1022 | B89: 45748 | C89: West | D89: High Street | E89: 18996.32 | F89: 1260 | G89: 0.145 | H89: 9 | I89: 86.4 | J89: 4.31 | K89: 0 | L89: 4.6 | M89: 450711.92 | N89: 90043.76
A90: STR-1023 | B90: 45658 | C90: South | D90: Mall | E90: 50517.94 | F90: 7024 | G90: 0.029 | H90: 18 | I90: 79.2 | J90: 6.61 | K90: 1 | L90: 4.1 | M90: 711213.46 | N90: 105863.26
A91: STR-1023 | B91: 45689 | C91: South | D91: Mall | E91: 141540.29 | F91: 5400 | G91: 0.013 | H91: 12 | I91: 87 | J91: 4.26 | K91: 0 | L91: 4.5 | M91: 627171.9 | N91: 105772.75
A92: STR-1023 | B92: 45717 | C92: South | D92: Mall | E92: 82116.19 | F92: 5988 | G92: 0.04 | H92: 17 | I92: 91.8 | J92: 5.75 | K92: 0 | L92: 4.7 | M92: 739852.58 | N92: 129386.43
A93: STR-1023 | B93: 45748 | C93: South | D93: Mall | E93: 31207.51 | F93: 3701 | G93: 0.043 | H93: 11 | I93: 84.7 | J93: 0.33 | K93: 0 | L93: 4.3 | M93: 586307.22 | N93: 73927.85
A94: STR-1024 | B94: 45658 | C94: West | D94: Residential | E94: 38966.59 | F94: 4509 | G94: 0.194 | H94: 14 | I94: 91.1 | J94: 2.92 | K94: 0 | L94: 4.6 | M94: 585937.48 | N94: 82624.2
A95: STR-1024 | B95: 45689 | C95: West | D95: Residential | E95: 67439.3 | F95: 6477 | G95: 0 | H95: 16 | I95: 90.9 | J95: 1.64 | K95: 0 | L95: 4.5 | M95: 753473.55 | N95: 151527.22
A96: STR-1024 | B96: 45717 | C96: West | D96: Residential | E96: 86421.88 | F96: 7970 | G96: 0.073 | H96: 17 | I96: 91.3 | J96: 0.8 | K96: 0 | L96: 5 | M96: 838250.32 | N96: 122939.34
A97: STR-1024 | B97: 45748 | C97: West | D97: Residential | E97: 9534.65 | F97: 6057 | G97: 0.074 | H97: 15 | I97: 94.1 | J97: 5.79 | K97: 0 | L97: 4.5 | M97: 607898.12 | N97: 135404.85
A98: STR-1025 | B98: 45658 | C98: West | D98: Mall | E98: 61132.07 | F98: 6394 | G98: 0.163 | H98: 19 | I98: 91 | J98: 19.6 | K98: 0 | L98: 4.4 | M98: 691113.62 | N98: 135145.44
A99: STR-1025 | B99: 45689 | C99: West | D99: Mall | E99: 78839.39 | F99: 5150 | G99: 0.171 | H99: 13 | I99: 85.8 | J99: 7.57 | K99: 0 | L99: 4.3 | M99: 735509.4 | N99: 83895.96
A100: STR-1025 | B100: 45717 | C100: West | D100: Mall | E100: 38752.8 | F100: 4712 | G100: 0.075 | H100: 15 | I100: 89.7 | K100: 0 | L100: 4.3 | M100: 605775.33 | N100: 107194.6
A101: STR-1025 | B101: 45748 | C101: West | D101: Mall | E101: 55101.1 | F101: 5281 | G101: 0.189 | H101: 11 | I101: 91 | J101: 2.7 | K101: 0 | L101: 4.4 | M101: 675177.68 | N101: 105628.68
A102: STR-1026 | B102: 45658 | C102: East | D102: Mall | E102: 53084.76 | F102: 3642 | G102: 0.15 | H102: 12 | I102: 91.4 | J102: 0.2 | K102: 0 | L102: 4.4 | M102: 635181.35 | N102: 83341.25
A103: STR-1026 | B103: 45689 | C103: East | D103: Mall | E103: 63101.59 | F103: 4373 | G103: 0.173 | H103: 14 | I103: 90.4 | J103: 7.87 | K103: 0 | L103: 4.7 | M103: 586626.94 | N103: 86498.55
A104: STR-1026 | B104: 45717 | C104: East | D104: Mall | E104: 90084.4 | F104: 6832 | G104: 0.185 | H104: 14 | I104: 80.5 | J104: 0.77 | K104: 1 | L104: 4.4 | M104: 740102.64 | N104: 114299.07
A105: STR-1026 | B105: 45748 | C105: East | D105: Mall | E105: 32266.64 | F105: 2414 | G105: 0.08 | H105: 7 | I105: 92.1 | J105: 1.48 | K105: 0 | L105: 5 | M105: 625514.04 | N105: 120685.08
A106: STR-1027 | B106: 45658 | C106: West | D106: High Street | E106: 57919.07 | F106: 7374 | G106: 0.103 | H106: 21 | I106: 82.3 | J106: 2.87 | K106: 0 | L106: 2.9 | M106: 727227.2 | N106: 121292.01
A107: STR-1027 | B107: 45689 | C107: West | D107: High Street | E107: 74679.35 | F107: 8739 | G107: 0.056 | H107: 21 | I107: 91.8 | J107: 2.83 | K107: 0 | L107: 3 | M107: 783797.89 | N107: 157620.7
A108: STR-1027 | B108: 45717 | C108: West | D108: High Street | E108: 64294.23 | F108: 6992 | G108: 0.133 | H108: 14 | I108: 94.1 | J108: 0.25 | K108: 0 | L108: 3 | M108: 795153.84 | N108: 143194.21
A109: STR-1027 | B109: 45748 | C109: West | D109: High Street | E109: 31042.03 | F109: 7107 | G109: 0.051 | H109: 15 | I109: 87 | J109: 13.33 | K109: 0 | L109: 3.2 | M109: 665594.94 | N109: 127597.34
A110: STR-1028 | B110: 45658 | C110: East | D110: Mall | E110: 75265.02 | F110: 6975 | G110: 0.157 | H110: 20 | I110: 73.8 | J110: 6.35 | K110: 1 | L110: 3.8 | M110: 709478.39 | N110: 71294.27
A111: STR-1028 | B111: 45689 | C111: East | D111: Mall | E111: 69411.7 | F111: 5493 | G111: 0.292 | H111: 13 | I111: 86.5 | J111: 6.69 | K111: 0 | L111: 3.8 | M111: 664162.49 | N111: 98291.06
A112: STR-1028 | B112: 45717 | C112: East | D112: Mall | E112: 51056.15 | F112: 5686 | G112: 0.089 | H112: 13 | I112: 89.9 | J112: 1.28 | K112: 0 | L112: 4.2 | M112: 633494.21 | N112: 105739.47
... A134: STR-1034 | B134: 45658 | C134: North | D134: High Street | E134: 70276.28 | F134: 3043 | G134: 0.079 | H134: 9 | I134: 87.9 | J134: 3.77 | K134: 0 | L134: 4.4 | M134: 527300.13 | N134: 84197.87
A135: STR-1034 | B135: 45689 | C135: North | D135: High Street | E135: 22071.64 | F135: 1814 | G135: 0.196 | H135: 8 | I135: 81.1 | J135: 0.78 | K135: 0 | M135: 400831.65 | N135: 70979.31
A136: STR-1034 | B136: 45717 | C136: North | D136: High Street | E136: 52285.45 | F136: 3618 | G136: 0.086 | H136: 11 | I136: 95.6 | J136: 5.17 | K136: 1 | L136: 4.4 | M136: 593247.25 | N136: 81240.29
A137: STR-1034 | B137: 45748 | C137: North | D137: High Street | E137: 70366.76 | F137: 1963 | G137: 0.182 | H137: 8 | I137: 89.8 | J137: 3.2 | K137: 0 | L137: 4.6 | M137: 529075.95 | N137: 95978.83
A138: STR-1035 | B138: 45658 | C138: South | D138: Residential | E138: 71320.66 | F138: 7888 | G138: 0.048 | H138: 20 | I138: 78.1 | J138: 3.4 | K138: 0 | M138: 633638.03 | N138: 99402.01
A139: STR-1035 | B139: 45689 | C139: South | D139: Residential | E139: 75109.67 | F139: 6244 | G139: 0.079 | H139: 15 | I139: 96.3 | J139: 7.38 | K139: 0 | L139: 3.7 | M139: 743348.84 | N139: 104186.09
A140: STR-1035 | B140: 45717 | C140: South | D140: Residential | E140: 69779 | F140: 6544 | G140: 0.152 | H140: 18 | I140: 90.2 | J140: 0.85 | K140: 1 | L140: 3.3 | M140: 758827.64 | N140: 161439.48
A141: STR-1035 | B141: 45748 | C141: South | D141: Residential | E141: 44211.95 | F141: 5465 | G141: 0.187 | H141: 12 | I141: 90 | J141: 2.89 | K141: 0 | L141: 3.6 | M141: 646559.71 | N141: 97981.75
A142: STR-1036 | B142: 45658 | C142: West | D142: High Street | E142: 51430.31 | F142: 6427 | G142: 0.234 | H142: 14 | I142: 88.8 | J142: 0.77 | K142: 0 | L142: 4.1 | M142: 715890.53 | N142: 109032.15
A143: STR-1036 | B143: 45689 | C143: West | D143: High Street | E143: 45706.49 | F143: 6704 | G143: 0.038 | H143: 15 | I143: 94.2 | J143: 2.92 | K143: 0 | L143: 4.2 | M143: 715097.57 | N143: 151875.86
A144: STR-1036 | B144: 45717 | C144: West | D144: High Street | E144: 44034.6 | F144: 5645 | G144: 0.069 | H144: 18 | I144: 88.5 | J144: 3.07 | K144: 0 | L144: 3.8 | M144: 682639.28 | N144: 77557.53
A145: STR-1036 | B145: 45748 | C145: West | D145: High Street | E145: 50198.12 | F145: 6089 | G145: 0.182 | H145: 19 | I145: 94 | J145: 9.7 | K145: 0 | L145: 3.9 | M145: 695098.51 | N145: 108192.75
A146: STR-1037 | B146: 45658 | C146: North | D146: Residential | E146: 70488.2 | F146: 4312 | G146: 0.169 | H146: 12 | I146: 90.2 | J146: 3.71 | K146: 0 | L146: 3.2 | M146: 577732.57 | N146: 93804.27
A147: STR-1037 | B147: 45689 | C147: North | D147: Residential | E147: 50909.27 | F147: 3152 | G147: 0.06 | H147: 13 | I147: 93.7 | J147: 10.79 | K147: 0 | L147: 3.5 | M147: 537058.33 | N147: 93555.71
A148: STR-1037 | B148: 45717 | C148: North | D148: Residential | E148: 53351.7 | F148: 4259 | G148: 0.156 | H148: 15 | I148: 93.7 | J148: 6.03 | K148: 0 | L148: 3.4 | M148: 601568.87 | N148: 91634.82
A149: STR-1037 | B149: 45748 | C149: North | D149: Residential | E149: 60322.4 | F149: 3350 | G149: 0.108 | H149: 12 | I149: 89.4 | J149: 4.92 | K149: 0 | L149: 3.4 | M149: 570964.84 | N149: 81331.07
A150: STR-1038 | B150: 45658 | C150: South | D150: Mall | E150: 51575.68 | F150: 5329 | G150: 0.047 | H150: 17 | I150: 88.1 | J150: 19.78 | K150: 0 | L150: 3.8 | M150: 614024.91 | N150: 84828.93
... A163: STR-1041 | B163: 45689 | C163: South | D163: High Street | E163: 48438.85 | F163: 6992 | G163: 0.034 | H163: 20 | I163: 91 | J163: 4.36 | K163: 0 | L163: 4.2 | M163: 778298.88 | N163: 130076.72
A164: STR-1041 | B164: 45717 | C164: South | D164: High Street | E164: 57143.3 | F164: 8038 | G164: 0.193 | H164: 17 | I164: 72.6 | K164: 0 | L164: 4.2 | M164: 677096.71 | N164: 97174.11
A165: STR-1041 | B165: 45748 | C165: South | D165: High Street | E165: 66870.62 | F165: 6055 | G165: 0.075 | H165: 19 | I165: 93.8 | J165: 0.54 | K165: 0 | L165: 4.3 | M165: 692008.64 | N165: 116337.87
A166: STR-1042 | B166: 45658 | C166: North | D166: Mall | E166: 72150.53 | F166: 9323 | G166: 0.157 | H166: 22 | I166: 82.9 | J166: 11.37 | K166: 1 | L166: 4.3 | M166: 825797.91 | N166: 130945.24
A167: STR-1042 | B167: 45689 | C167: North | D167: Mall | E167: 35303.3 | F167: 8789 | G167: 0.123 | H167: 22 | I167: 86.1 | J167: 9.43 | K167: 0 | L167: 4.2 | M167: 706285.52 | N167: 138014.72
A168: STR-1042 | B168: 45717 | C168: North | D168: Mall | E168: 30301.86 | F168: 6939 | G168: 0.09 | H168: 16 | I168: 90.3 | J168: 3.49 | K168: 0 | L168: 4 | M168: 665534.7 | N168: 113167.73
A169: STR-1042 | B169: 45748 | C169: North | D169: Mall | E169: 78432.14 | F169: 9440 | G169: 0.126 | H169: 23 | I169: 89.2 | J169: 7.86 | K169: 0 | L169: 4.1 | M169: 820729.29 | N169: 159325.47
A170: STR-1043 | B170: 45658 | C170: East | D170: Residential | E170: 62059.18 | F170: 9374 | G170: 0.136 | H170: 25 | I170: 87.1 | J170: 12.55 | K170: 0 | L170: 4.9 | M170: 739831.73 | N170: 119490.21
A171: STR-1043 | B171: 45689 | C171: East | D171: Residential | E171: 32834.48 | F171: 7576 | G171: 0.099 | H171: 15 | I171: 84.1 | J171: 3.48 | K171: 0 | L171: 5 | M171: 593637.14 | N171: 106648.14
A172: STR-1043 | B172: 45717 | C172: East | D172: Residential | E172: 50825.08 | F172: 8949 | G172: 0.157 | H172: 21 | I172: 84.7 | J172: 7.73 | K172: 0 | L172: 4.9 | M172: 769702.76 | N172: 158697
A173: STR-1043 | B173: 45748 | C173: East | D173: Residential | E173: 36606.51 | F173: 7671 | G173: 0.118 | H173: 18 | I173: 89.8 | J173: 0.25 | K173: 0 | L173: 4.4 | M173: 679731.57 | N173: 121546.42
A174: STR-1044 | B174: 45658 | C174: East | D174: Residential | E174: 65237.79 | F174: 8741 | G174: 0.157 | H174: 20 | I174: 94.4 | J174: 6.43 | K174: 0 | L174: 3.3 | M174: 780344.18 | N174: 118239.09
A175: STR-1044 | B175: 45689 | C175: East | D175: Residential | E175: 43645.98 | F175: 9480 | G175: 0.109 | H175: 22 | I175: 89 | J175: 2.11 | K175: 0 | L175: 3.1 | M175: 721364.11 | N175: 147272.81
A176: STR-1044 | B176: 45717 | C176: East | D176: Residential | E176: 68040.15 | F176: 9826 | G176: 0.125 | H176: 20 | I176: 83.9 | J176: 9.12 | K176: 0 | L176: 3.6 | M176: 758138.29 | N176: 132975.26
... A196: STR-1049 | B196: 45717 | C196: West | D196: Residential | E196: 40220.18 | F196: 3783 | G196: 0.089 | H196: 14 | I196: 86.6 | J196: 3.63 | K196: 0 | L196: 3.7 | M196: 559422.02 | N196: 73528.74
...

Sheet cleaned_data
A1: store_id | B1: month | C1: region | D1: store_type | E1: marketing_spend | F1: footfall | G1: avg_discount_pct | H1: staff_count | I1: inventory_availability_pct | J1: competitor_distance_km | K1: holiday_flag | L1: customer_rating | M1: monthly_sales | N1: monthly_profit
A2: STR-1001 | B2: 45658 | C2: East | D2: Residential | E2: 70389.11 | F2: 8302 | G2: 0.042 | H2: 17 | I2: 75 | J2: 5.28 | K2: 1 | L2: 3.1 | M2: 658832.62 | N2: 84349.93
A3: STR-1001 | B3: 45689 | C3: East | D3: Residential | E3: 43827.89 | F3: 8487 | G3: 0.168 | H3: 23 | I3: 84.4 | J3: 4.31 | K3: 0 | L3: 2.8 | M3: 634436 | N3: 106130.54
A4: STR-1001 | B4: 45717 | C4: East | D4: Residential | E4: 59921.75 | F4: 9113 | G4: 0.133 | H4: 20 | I4: 88 | J4: 12 | K4: 0 | L4: 3.2 | M4: 678722.06 | N4: 101883.86
A5: STR-1001 | B5: 45748 | C5: East | D5: Residential | E5: 56856.63 | F5: 9431 | G5: 0.142 | H5: 23 | I5: 86.9 | J5: 4.97 | K5: 0 | L5: 3.4 | M5: 658920.3 | N5: 97910.37
A6: STR-1002 | B6: 45658 | C6: East | D6: High Street | E6: 48412.64 | F6: 9545 | G6: 0.231 | H6: 21 | I6: 97.6 | J6: 6.94 | K6: 1 | L6: 4.2 | M6: 741341.44 | N6: 119208.17
A7: STR-1002 | B7: 45689 | C7: East | D7: High Street | E7: 64811.21 | F7: 9792 | G7: 0.112 | H7: 20 | I7: 84.2 | J7: 2.88 | K7: 0 | L7: 4.2 | M7: 761835.34 | N7: 149602.23
A8: STR-1002 | B8: 45717 | C8: East | D8: High Street | E8: 46213.45 | F8: 10616 | G8: 0.122 | H8: 22 | I8: 85.2 | J8: 0.2 | K8: 1 | L8: 4.1 | M8: 806615.54 | N8: 131364.62
A9: STR-1002 | B9: 45748 | C9: East | D9: High Street | E9: 68148.52 | F9: 8567 | G9: 0.127 | H9: 23 | I9: 95.6 | J9: 0.8 | K9: 0 | L9: 3.9 | M9: 850164.26 | N9: 149262.75
A10: STR-1003 | B10: 45658 | C10: North | D10: Airport | E10: 71838.86 | F10: 10979 | G10: 0.215 | H10: 26 | I10: 88.6 | J10: 7.7 | K10: 1 | L10: 3.8 | M10: 930581.7 | N10: 136207.98
A11: STR-1003 | B11: 45689 | C11: North | D11: Airport | E11: 68133.44 | F11: 9459 | G11: 0.22 | H11: 21 | I11: 85 | J11: 1.91 | K11: 0 | L11: 4.2 | M11: 779010.94 | N11: 106328.09
A12: STR-1003 | B12: 45717 | C12: North | D12: Airport | E12: 34285.21 | F12: 9172 | G12: 0.213 | H12: 22 | I12: 88.3 | J12: 10.46 | K12: 1 | L12: 3.8 | M12: 723060.76 | N12: 123131.24
A13: STR-1003 | B13: 45748 | C13: North | D13: Airport | E13: 67979.88 | F13: 11230 | G13: 0.002 | H13: 28 | I13: 85.3 | J13: 7.16 | K13: 0 | L13: 3.8 | M13: 910791.94 | N13: 158891.28
... A34: STR-1009 | B34: 45658 | C34: North | D34: Residential | E34: 54597.83 | F34: 9429 | G34: 0.188 | H34: 21 | I34: 83.3 | J34: 11.71 | K34: 0 | L34: 4.2 | M34: 641865.03 | N34: 81342.58
A35: STR-1009 | B35: 45689 | C35: North | D35: Residential | E35: 73771.91 | F35: 11695 | G35: 0.07 | H35: 25 | I35: 84.7 | J35: 0.62 | K35: 0 | M35: 799477.76 | N35: 164974.41
A36: STR-1009 | B36: 45717 | C36: North | D36: Residential | E36: 74413.88 | F36: 9449 | G36: 0.039 | H36: 23 | I36: 92.1 | J36: 2.12 | K36: 0 | L36: 3.5 | M36: 798952.17 | N36: 161499.04
A37: STR-1009 | B37: 45748 | C37: North | D37: Residential | E37: 52483.77 | F37: 10453 | G37: 0.247 | H37: 25 | I37: 99 | J37: 6.31 | K37: 0 | L37: 3.6 | M37: 800979.78 | N37: 149242.27
A38: STR-1010 | B38: 45658 | C38: North | D38: Mall | E38: 75269.87 | F38: 8838 | G38: 0.092 | H38: 21 | I38: 83.1 | J38: 9.56 | K38: 1 | L38: 4.2 | M38: 820593.93 | N38: 115860.06
A39: STR-1010 | B39: 45689 | C39: North | D39: Mall | E39: 61245.41 | F39: 8156 | G39: 0.156 | H39: 19 | I39: 92.9 | J39: 9.05 | K39: 0 | L39: 3.8 | M39: 718330.53 | N39: 93247.9
A40: STR-1010 | B40: 45717 | C40: North | D40: Mall | E40: 93381.26 | F40: 7562 | G40: 0.198 | H40: 19 | I40: 82.9 | J40: 5.05 | K40: 0 | L40: 4 | M40: 736633.4 | N40: 115654.66
A41: STR-1010 | B41: 45748 | C41: North | D41: Mall | E41: 65012.19 | F41: 9598 | G41: 0.085 | H41: 24 | I41: 98.3 | J41: 0.89 | K41: 0 | L41: 3.8 | M41: 828623.85 | N41: 167320.52
A42: STR-1011 | B42: 45658 | C42: East | D42: Mall | E42: 40462.94 | F42: 3660 | G42: 0.218 | H42: 11 | I42: 95.2 | J42: 5.57 | K42: 0 | L42: 4.4 | M42: 592195.85 | N42: 92291.56
A43: STR-1011 | B43: 45689 | C43: East | D43: Mall | E43: 46123.88 | F43: 3227 | G43: 0.143 | H43: 10 | I43: 75.4 | J43: 1.06 | K43: 0 | L43: 4.4 | M43: 532644.46 | N43: 60681.32
A44: STR-1011 | B44: 45717 | C44: East | D44: Mall | E44: 68077.54 | F44: 3360 | G44: 0.128 | H44: 14 | I44: 88.2 | J44: 1.24 | K44: 1 | L44: 4 | M44: 657429.18 | N44: 88919.74
A45: STR-1011 | B45: 45748 | C45: East | D45: Mall | E45: 64882.14 | F45: 3642 | G45: 0.019 | H45: 13 | I45: 87.8 | J45: 4.52 | K45: 0 | L45: 4.2 | M45: 605178 | N45: 106958.74
A46: STR-1012 | B46: 45658 | C46: West | D46: Residential | E46: 138855.51 | F46: 5145 | G46: 0.06 | H46: 17 | I46: 88.2 | J46: 9.58 | K46: 0 | L46: 3.2 | M46: 595467.6 | N46: 104276.46
A47: STR-1012 | B47: 45689 | C47: West | D47: Residential | E47: 63630.21 | F47: 4460 | G47: 0.235 | H47: 14 | I47: 98.6 | J47: 5.52 | K47: 0 | L47: 3.5 | M47: 599603.4 | N47: 112685.12
... A72: STR-1018 | B72: 45717 | C72: East | D72: High Street | E72: 60571.82 | F72: 3193 | G72: 0.197 | H72: 7 | I72: 99 | J72: 1.43 | K72: 0 | L72: 3.2 | M72: 605023.87 | N72: 98545.81
A73: STR-1018 | B73: 45748 | C73: East | D73: High Street | E73: 55081.16 | F73: 5485 | G73: 0.036 | H73: 12 | I73: 88 | K73: 0 | L73: 3.5 | M73: 674774.09 | N73: 141917.59
A74: STR-1019 | B74: 45658 | C74: East | D74: Residential | E74: 46201.46 | F74: 5918 | G74: 0.277 | H74: 13 | I74: 78.8 | J74: 4.91 | K74: 0 | L74: 4.5 | M74: 616069.41 | N74: 54453.99
A75: STR-1019 | B75: 45689 | C75: East | D75: Residential | E75: 53762.92 | F75: 6821 | G75: 0.066 | H75: 19 | I75: 94.6 | J75: 7.03 | K75: 0 | L75: 4.4 | M75: 630829.94 | N75: 117090.02
A76: STR-1019 | B76: 45717 | C76: East | D76: Residential | E76: 70144.78 | F76: 6806 | G76: 0.178 | H76: 20 | I76: 93.1 | J76: 0.28 | K76: 1 | L76: 4.3 | M76: 788087.68 | N76: 116803.42
A77: STR-1019 | B77: 45748 | C77: East | D77: Residential | E77: 58749.63 | F77: 8252 | G77: 0.203 | H77: 20 | I77: 85.2 | J77: 3.61 | K77: 0 | L77: 4.5 | M77: 680840.36 | N77: 68007.68
A78: STR-1020 | B78: 45658 | C78: South | D78: High Street | E78: 56973.18 | F78: 6662 | G78: 0.1 | H78: 15 | I78: 77.7 | J78: 7.52 | K78: 1 | L78: 3.2 | M78: 643657.47 | N78: 87022.45
A79: STR-1020 | B79: 45689 | C79: South | D79: High Street | E79: 54872.82 | F79: 5962 | G79: 0.064 | H79: 12 | I79: 85.4 | J79: 2.58 | K79: 0 | L79: 2.9 | M79: 691112.6 | N79: 109212.83
A80: STR-1020 | B80: 45717 | C80: South | D80: High Street | E80: 80562.81 | F80: 7470 | G80: 0.172 | H80: 16 | I80: 83.5 | J80: 2.29 | K80: 0 | L80: 3.3 | M80: 776922.17 | N80: 150701.93
A81: STR-1020 | B81: 45748 | C81: South | D81: High Street | E81: 77999.9 | F81: 5974 | G81: 0.252 | H81: 14 | I81: 81.3 | J81: 2.39 | K81: 0 | L81: 3.2 | M81: 636561.34 | N81: 93861.06
A82: STR-1021 | B82: 45658 | C82: West | D82: Mall | E82: 60881.01 | F82: 5410 | G82: 0.179 | H82: 15 | I82: 83.9 | J82: 5.24 | K82: 0 | L82: 4.6 | M82: 621369.58 | N82: 85493.64
A83: STR-1021 | B83: 45689 | C83: West | D83: Mall | E83: 60628.38 | F83: 4451 | G83: 0.095 | H83: 10 | I83: 89.6 | J83: 3.17 | K83: 0 | L83: 4.6 | M83: 682208.01 | N83: 110318.84
A84: STR-1021 | B84: 45717 | C84: West | D84: Mall | E84: 72731.14 | F84: 4644 | G84: 0.084 | H84: 15 | I84: 87.1 | J84: 2.66 | K84: 0 | L84: 4.6 | M84: 727241.86 | N84: 155810.3
A85: STR-1021 | B85: 45748 | C85: West | D85: Mall | E85: 36475.71 | F85: 3559 | G85: 0.03 | H85: 8 | I85: 83.6 | J85: 1.41 | K85: 0 | L85: 4.2 | M85: 569100.78 | N85: 104808.78
A86: STR-1022 | B86: 45658 | C86: West | D86: High Street | E86: 55388.11 | F86: 3091 | G86: 0.108 | H86: 7 | I86: 85.4 | J86: 7.34 | K86: 0 | L86: 4.9 | M86: 574436.29 | N86: 80271.99
A87: STR-1022 | B87: 45689 | C87: West | D87: High Street | E87: 88443.77 | F87: 4004 | G87: 0.206 | H87: 11 | I87: 91.9 | J87: 5.95 | K87: 0 | M87: 611766.72 | N87: 88275.61
A88: STR-1022 | B88: 45717 | C88: West | D88: High Street | E88: 78231.91 | F88: 3788 | G88: 0.059 | H88: 11 | I88: 88.5 | J88: 15.51 | K88: 0 | L88: 4.3 | M88: 614596.32 | N88: 131199.41
A89: STR-1022 | B89: 45748 | C89: West | D89: High Street | E89: 18996.32 | F89: 1260 | G89: 0.145 | H89: 9 | I89: 86.4 | J89: 4.31 | K89: 0 | L89: 4.6 | M89: 450711.92 | N89: 90043.76
A90: STR-1023 | B90: 45658 | C90: South | D90: Mall | E90: 50517.94 | F90: 7024 | G90: 0.029 | H90: 18 | I90: 79.2 | J90: 6.61 | K90: 1 | L90: 4.1 | M90: 711213.46 | N90: 105863.26
A91: STR-1023 | B91: 45689 | C91: South | D91: Mall | E91: 141540.29 | F91: 5400 | G91: 0.013 | H91: 12 | I91: 87 | J91: 4.26 | K91: 0 | L91: 4.5 | M91: 627171.9 | N91: 105772.75
A92: STR-1023 | B92: 45717 | C92: South | D92: Mall | E92: 82116.19 | F92: 5988 | G92: 0.04 | H92: 17 | I92: 91.8 | J92: 5.75 | K92: 0 | L92: 4.7 | M92: 739852.58 | N92: 129386.43
A93: STR-1023 | B93: 45748 | C93: South | D93: Mall | E93: 31207.51 | F93: 3701 | G93: 0.043 | H93: 11 | I93: 84.7 | J93: 0.33 | K93: 0 | L93: 4.3 | M93: 586307.22 | N93: 73927.85
A94: STR-1024 | B94: 45658 | C94: West | D94: Residential | E94: 38966.59 | F94: 4509 | G94: 0.194 | H94: 14 | I94: 91.1 | J94: 2.92 | K94: 0 | L94: 4.6 | M94: 585937.48 | N94: 82624.2
A95: STR-1024 | B95: 45689 | C95: West | D95: Residential | E95: 67439.3 | F95: 6477 | G95: 0 | H95: 16 | I95: 90.9 | J95: 1.64 | K95: 0 | L95: 4.5 | M95: 753473.55 | N95: 151527.22
A96: STR-1024 | B96: 45717 | C96: West | D96: Residential | E96: 86421.88 | F96: 7970 | G96: 0.073 | H96: 17 | I96: 91.3 | J96: 0.8 | K96: 0 | L96: 5 | M96: 838250.32 | N96: 122939.34
A97: STR-1024 | B97: 45748 | C97: West | D97: Residential | E97: 9534.65 | F97: 6057 | G97: 0.074 | H97: 15 | I97: 94.1 | J97: 5.79 | K97: 0 | L97: 4.5 | M97: 607898.12 | N97: 135404.85
A98: STR-1025 | B98: 45658 | C98: West | D98: Mall | E98: 61132.07 | F98: 6394 | G98: 0.163 | H98: 19 | I98: 91 | J98: 19.6 | K98: 0 | L98: 4.4 | M98: 691113.62 | N98: 135145.44
A99: STR-1025 | B99: 45689 | C99: West | D99: Mall | E99: 78839.39 | F99: 5150 | G99: 0.171 | H99: 13 | I99: 85.8 | J99: 7.57 | K99: 0 | L99: 4.3 | M99: 735509.4 | N99: 83895.96
A100: STR-1025 | B100: 45717 | C100: West | D100: Mall | E100: 38752.8 | F100: 4712 | G100: 0.075 | H100: 15 | I100: 89.7 | K100: 0 | L100: 4.3 | M100: 605775.33 | N100: 107194.6
A101: STR-1025 | B101: 45748 | C101: West | D101: Mall | E101: 55101.1 | F101: 5281 | G101: 0.189 | H101: 11 | I101: 91 | J101: 2.7 | K101: 0 | L101: 4.4 | M101: 675177.68 | N101: 105628.68
A102: STR-1026 | B102: 45658 | C102: East | D102: Mall | E102: 53084.76 | F102: 3642 | G102: 0.15 | H102: 12 | I102: 91.4 | J102: 0.2 | K102: 0 | L102: 4.4 | M102: 635181.35 | N102: 83341.25
A103: STR-1026 | B103: 45689 | C103: East | D103: Mall | E103: 63101.59 | F103: 4373 | G103: 0.173 | H103: 14 | I103: 90.4 | J103: 7.87 | K103: 0 | L103: 4.7 | M103: 586626.94 | N103: 86498.55
A104: STR-1026 | B104: 45717 | C104: East | D104: Mall | E104: 90084.4 | F104: 6832 | G104: 0.185 | H104: 14 | I104: 80.5 | J104: 0.77 | K104: 1 | L104: 4.4 | M104: 740102.64 | N104: 114299.07
A105: STR-1026 | B105: 45748 | C105: East | D105: Mall | E105: 32266.64 | F105: 2414 | G105: 0.08 | H105: 7 | I105: 92.1 | J105: 1.48 | K105: 0 | L105: 5 | M105: 625514.04 | N105: 120685.08
A106: STR-1027 | B106: 45658 | C106: West | D106: High Street | E106: 57919.07 | F106: 7374 | G106: 0.103 | H106: 21 | I106: 82.3 | J106: 2.87 | K106: 0 | L106: 2.9 | M106: 727227.2 | N106: 121292.01
A107: STR-1027 | B107: 45689 | C107: West | D107: High Street | E107: 74679.35 | F107: 8739 | G107: 0.056 | H107: 21 | I107: 91.8 | J107: 2.83 | K107: 0 | L107: 3 | M107: 783797.89 | N107: 157620.7
A108: STR-1027 | B108: 45717 | C108: West | D108: High Street | E108: 64294.23 | F108: 6992 | G108: 0.133 | H108: 14 | I108: 94.1 | J108: 0.25 | K108: 0 | L108: 3 | M108: 795153.84 | N108: 143194.21
A109: STR-1027 | B109: 45748 | C109: West | D109: High Street | E109: 31042.03 | F109: 7107 | G109: 0.051 | H109: 15 | I109: 87 | J109: 13.33 | K109: 0 | L109: 3.2 | M109: 665594.94 | N109: 127597.34
A110: STR-1028 | B110: 45658 | C110: East | D110: Mall | E110: 75265.02 | F110: 6975 | G110: 0.157 | H110: 20 | I110: 73.8 | J110: 6.35 | K110: 1 | L110: 3.8 | M110: 709478.39 | N110: 71294.27
A111: STR-1028 | B111: 45689 | C111: East | D111: Mall | E111: 69411.7 | F111: 5493 | G111: 0.292 | H111: 13 | I111: 86.5 | J111: 6.69 | K111: 0 | L111: 3.8 | M111: 664162.49 | N111: 98291.06
A112: STR-1028 | B112: 45717 | C112: East | D112: Mall | E112: 51056.15 | F112: 5686 | G112: 0.089 | H112: 13 | I112: 89.9 | J112: 1.28 | K112: 0 | L112: 4.2 | M112: 633494.21 | N112: 105739.47
... A134: STR-1034 | B134: 45658 | C134: North | D134: High Street | E134: 70276.28 | F134: 3043 | G134: 0.079 | H134: 9 | I134: 87.9 | J134: 3.77 | K134: 0 | L134: 4.4 | M134: 527300.13 | N134: 84197.87
A135: STR-1034 | B135: 45689 | C135: North | D135: High Street | E135: 22071.64 | F135: 1814 | G135: 0.196 | H135: 8 | I135: 81.1 | J135: 0.78 | K135: 0 | M135: 400831.65 | N135: 70979.31
A136: STR-1034 | B136: 45717 | C136: North | D136: High Street | E136: 52285.45 | F136: 3618 | G136: 0.086 | H136: 11 | I136: 95.6 | J136: 5.17 | K136: 1 | L136: 4.4 | M136: 593247.25 | N136: 81240.29
A137: STR-1034 | B137: 45748 | C137: North | D137: High Street | E137: 70366.76 | F137: 1963 | G137: 0.182 | H137: 8 | I137: 89.8 | J137: 3.2 | K137: 0 | L137: 4.6 | M137: 529075.95 | N137: 95978.83
A138: STR-1035 | B138: 45658 | C138: South | D138: Residential | E138: 71320.66 | F138: 7888 | G138: 0.048 | H138: 20 | I138: 78.1 | J138: 3.4 | K138: 0 | M138: 633638.03 | N138: 99402.01
A139: STR-1035 | B139: 45689 | C139: South | D139: Residential | E139: 75109.67 | F139: 6244 | G139: 0.079 | H139: 15 | I139: 96.3 | J139: 7.38 | K139: 0 | L139: 3.7 | M139: 743348.84 | N139: 104186.09
A140: STR-1035 | B140: 45717 | C140: South | D140: Residential | E140: 69779 | F140: 6544 | G140: 0.152 | H140: 18 | I140: 90.2 | J140: 0.85 | K140: 1 | L140: 3.3 | M140: 758827.64 | N140: 161439.48
A141: STR-1035 | B141: 45748 | C141: South | D141: Residential | E141: 44211.95 | F141: 5465 | G141: 0.187 | H141: 12 | I141: 90 | J141: 2.89 | K141: 0 | L141: 3.6 | M141: 646559.71 | N141: 97981.75
A142: STR-1036 | B142: 45658 | C142: West | D142: High Street | E142: 51430.31 | F142: 6427 | G142: 0.234 | H142: 14 | I142: 88.8 | J142: 0.77 | K142: 0 | L142: 4.1 | M142: 715890.53 | N142: 109032.15
A143: STR-1036 | B143: 45689 | C143: West | D143: High Street | E143: 45706.49 | F143: 6704 | G143: 0.038 | H143: 15 | I143: 94.2 | J143: 2.92 | K143: 0 | L143: 4.2 | M143: 715097.57 | N143: 151875.86
A144: STR-1036 | B144: 45717 | C144: West | D144: High Street | E144: 44034.6 | F144: 5645 | G144: 0.069 | H144: 18 | I144: 88.5 | J144: 3.07 | K144: 0 | L144: 3.8 | M144: 682639.28 | N144: 77557.53
A145: STR-1036 | B145: 45748 | C145: West | D145: High Street | E145: 50198.12 | F145: 6089 | G145: 0.182 | H145: 19 | I145: 94 | J145: 9.7 | K145: 0 | L145: 3.9 | M145: 695098.51 | N145: 108192.75
A146: STR-1037 | B146: 45658 | C146: North | D146: Residential | E146: 70488.2 | F146: 4312 | G146: 0.169 | H146: 12 | I146: 90.2 | J146: 3.71 | K146: 0 | L146: 3.2 | M146: 577732.57 | N146: 93804.27
A147: STR-1037 | B147: 45689 | C147: North | D147: Residential | E147: 50909.27 | F147: 3152 | G147: 0.06 | H147: 13 | I147: 93.7 | J147: 10.79 | K147: 0 | L147: 3.5 | M147: 537058.33 | N147: 93555.71
A148: STR-1037 | B148: 45717 | C148: North | D148: Residential | E148: 53351.7 | F148: 4259 | G148: 0.156 | H148: 15 | I148: 93.7 | J148: 6.03 | K148: 0 | L148: 3.4 | M148: 601568.87 | N148: 91634.82
A149: STR-1037 | B149: 45748 | C149: North | D149: Residential | E149: 60322.4 | F149: 3350 | G149: 0.108 | H149: 12 | I149: 89.4 | J149: 4.92 | K149: 0 | L149: 3.4 | M149: 570964.84 | N149: 81331.07
A150: STR-1038 | B150: 45658 | C150: South | D150: Mall | E150: 51575.68 | F150: 5329 | G150: 0.047 | H150: 17 | I150: 88.1 | J150: 19.78 | K150: 0 | L150: 3.8 | M150: 614024.91 | N150: 84828.93
... A163: STR-1041 | B163: 45689 | C163: South | D163: High Street | E163: 48438.85 | F163: 6992 | G163: 0.034 | H163: 20 | I163: 91 | J163: 4.36 | K163: 0 | L163: 4.2 | M163: 778298.88 | N163: 130076.72
A164: STR-1041 | B164: 45717 | C164: South | D164: High Street | E164: 57143.3 | F164: 8038 | G164: 0.193 | H164: 17 | I164: 72.6 | K164: 0 | L164: 4.2 | M164: 677096.71 | N164: 97174.11
A165: STR-1041 | B165: 45748 | C165: South | D165: High Street | E165: 66870.62 | F165: 6055 | G165: 0.075 | H165: 19 | I165: 93.8 | J165: 0.54 | K165: 0 | L165: 4.3 | M165: 692008.64 | N165: 116337.87
A166: STR-1042 | B166: 45658 | C166: North | D166: Mall | E166: 72150.53 | F166: 9323 | G166: 0.157 | H166: 22 | I166: 82.9 | J166: 11.37 | K166: 1 | L166: 4.3 | M166: 825797.91 | N166: 130945.24
A167: STR-1042 | B167: 45689 | C167: North | D167: Mall | E167: 35303.3 | F167: 8789 | G167: 0.123 | H167: 22 | I167: 86.1 | J167: 9.43 | K167: 0 | L167: 4.2 | M167: 706285.52 | N167: 138014.72
A168: STR-1042 | B168: 45717 | C168: North | D168: Mall | E168: 30301.86 | F168: 6939 | G168: 0.09 | H168: 16 | I168: 90.3 | J168: 3.49 | K168: 0 | L168: 4 | M168: 665534.7 | N168: 113167.73
A169: STR-1042 | B169: 45748 | C169: North | D169: Mall | E169: 78432.14 | F169: 9440 | G169: 0.126 | H169: 23 | I169: 89.2 | J169: 7.86 | K169: 0 | L169: 4.1 | M169: 820729.29 | N169: 159325.47
A170: STR-1043 | B170: 45658 | C170: East | D170: Residential | E170: 62059.18 | F170: 9374 | G170: 0.136 | H170: 25 | I170: 87.1 | J170: 12.55 | K170: 0 | L170: 4.9 | M170: 739831.73 | N170: 119490.21
A171: STR-1043 | B171: 45689 | C171: East | D171: Residential | E171: 32834.48 | F171: 7576 | G171: 0.099 | H171: 15 | I171: 84.1 | J171: 3.48 | K171: 0 | L171: 5 | M171: 593637.14 | N171: 106648.14
A172: STR-1043 | B172: 45717 | C172: East | D172: Residential | E172: 50825.08 | F172: 8949 | G172: 0.157 | H172: 21 | I172: 84.7 | J172: 7.73 | K172: 0 | L172: 4.9 | M172: 769702.76 | N172: 158697
A173: STR-1043 | B173: 45748 | C173: East | D173: Residential | E173: 36606.51 | F173: 7671 | G173: 0.118 | H173: 18 | I173: 89.8 | J173: 0.25 | K173: 0 | L173: 4.4 | M173: 679731.57 | N173: 121546.42
A174: STR-1044 | B174: 45658 | C174: East | D174: Residential | E174: 65237.79 | F174: 8741 | G174: 0.157 | H174: 20 | I174: 94.4 | J174: 6.43 | K174: 0 | L174: 3.3 | M174: 780344.18 | N174: 118239.09
A175: STR-1044 | B175: 45689 | C175: East | D175: Residential | E175: 43645.98 | F175: 9480 | G175: 0.109 | H175: 22 | I175: 89 | J175: 2.11 | K175: 0 | L175: 3.1 | M175: 721364.11 | N175: 147272.81
A176: STR-1044 | B176: 45717 | C176: East | D176: Residential | E176: 68040.15 | F176: 9826 | G176: 0.125 | H176: 20 | I176: 83.9 | J176: 9.12 | K176: 0 | L176: 3.6 | M176: 758138.29 | N176: 132975.26
... A196: STR-1049 | B196: 45717 | C196: West | D196: Residential | E196: 40220.18 | F196: 3783 | G196: 0.089 | H196: 14 | I196: 86.6 | J196: 3.63 | K196: 0 | L196: 3.7 | M196: 559422.02 | N196: 73528.74
...

Sheet dummy_variables
A1: Dummy Variable Creation
A2: store_type (reference category = "High Street") and region (reference category = "East") are converted to 0/1 dummy columns. Reference categories are dropped to avoid the dummy-variable trap (perfect multicollinearity if all categories are included alongside an intercept).
A4: store_id | B4: month | C4: store_type | D4: region | E4: store_type_Mall | F4: store_type_Residential | G4: store_type_Airport | H4: region_North | I4: region_South | J4: region_West
A5: =cleaned_data!A2 -> STR-1001 | B5: =cleaned_data!B2 -> 45658 | C5: =cleaned_data!D2 -> Residential | D5: =cleaned_data!C2 -> East | E5: =IF(cleaned_data!D2="Mall",1,0) -> 0 | F5: =IF(cleaned_data!D2="Residential",1,0) -> 1 | G5: =IF(cleaned_data!D2="Airport",1,0) -> 0 | H5: =IF(cleaned_data!C2="North",1,0) -> 0 | I5: =IF(cleaned_data!C2="South",1,0) -> 0 | J5: =IF(cleaned_data!C2="West",1,0) -> 0
A6: =cleaned_data!A3 -> STR-1001 | B6: =cleaned_data!B3 -> 45689 | C6: =cleaned_data!D3 -> Residential | D6: =cleaned_data!C3 -> East | E6: =IF(cleaned_data!D3="Mall",1,0) -> 0 | F6: =IF(cleaned_data!D3="Residential",1,0) -> 1 | G6: =IF(cleaned_data!D3="Airport",1,0) -> 0 | H6: =IF(cleaned_data!C3="North",1,0) -> 0 | I6: =IF(cleaned_data!C3="South",1,0) -> 0 | J6: =IF(cleaned_data!C3="West",1,0) -> 0
A7: =cleaned_data!A4 -> STR-1001 | B7: =cleaned_data!B4 -> 45717 | C7: =cleaned_data!D4 -> Residential | D7: =cleaned_data!C4 -> East | E7: =IF(cleaned_data!D4="Mall",1,0) -> 0 | F7: =IF(cleaned_data!D4="Residential",1,0) -> 1 | G7: =IF(cleaned_data!D4="Airport",1,0) -> 0 | H7: =IF(cleaned_data!C4="North",1,0) -> 0 | I7: =IF(cleaned_data!C4="South",1,0) -> 0 | J7: =IF(cleaned_data!C4="West",1,0) -> 0
A8: =cleaned_data!A5 -> STR-1001 | B8: =cleaned_data!B5 -> 45748 | C8: =cleaned_data!D5 -> Residential | D8: =cleaned_data!C5 -> East | E8: =IF(cleaned_data!D5="Mall",1,0) -> 0 | F8: =IF(cleaned_data!D5="Residential",1,0) -> 1 | G8: =IF(cleaned_data!D5="Airport",1,0) -> 0 | H8: =IF(cleaned_data!C5="North",1,0) -> 0 | I8: =IF(cleaned_data!C5="South",1,0) -> 0 | J8: =IF(cleaned_data!C5="West",1,0) -> 0
A9: =cleaned_data!A6 -> STR-1002 | B9: =cleaned_data!B6 -> 45658 | C9: =cleaned_data!D6 -> High Street | D9: =cleaned_data!C6 -> East | E9: =IF(cleaned_data!D6="Mall",1,0) -> 0 | F9: =IF(cleaned_data!D6="Residential",1,0) -> 0 | G9: =IF(cleaned_data!D6="Airport",1,0) -> 0 | H9: =IF(cleaned_data!C6="North",1,0) -> 0 | I9: =IF(cleaned_data!C6="South",1,0) -> 0 | J9: =IF(cleaned_data!C6="West",1,0) -> 0
A10: =cleaned_data!A7 -> STR-1002 | B10: =cleaned_data!B7 -> 45689 | C10: =cleaned_data!D7 -> High Street | D10: =cleaned_data!C7 -> East | E10: =IF(cleaned_data!D7="Mall",1,0) -> 0 | F10: =IF(cleaned_data!D7="Residential",1,0) -> 0 | G10: =IF(cleaned_data!D7="Airport",1,0) -> 0 | H10: =IF(cleaned_data!C7="North",1,0) -> 0 | I10: =IF(cleaned_data!C7="South",1,0) -> 0 | J10: =IF(cleaned_data!C7="West",1,0) -> 0
A11: =cleaned_data!A8 -> STR-1002 | B11: =cleaned_data!B8 -> 45717 | C11: =cleaned_data!D8 -> High Street | D11: =cleaned_data!C8 -> East | E11: =IF(cleaned_data!D8="Mall",1,0) -> 0 | F11: =IF(cleaned_data!D8="Residential",1,0) -> 0 | G11: =IF(cleaned_data!D8="Airport",1,0) -> 0 | H11: =IF(cleaned_data!C8="North",1,0) -> 0 | I11: =IF(cleaned_data!C8="South",1,0) -> 0 | J11: =IF(cleaned_data!C8="West",1,0) -> 0
A12: =cleaned_data!A9 -> STR-1002 | B12: =cleaned_data!B9 -> 45748 | C12: =cleaned_data!D9 -> High Street | D12: =cleaned_data!C9 -> East | E12: =IF(cleaned_data!D9="Mall",1,0) -> 0 | F12: =IF(cleaned_data!D9="Residential",1,0) -> 0 | G12: =IF(cleaned_data!D9="Airport",1,0) -> 0 | H12: =IF(cleaned_data!C9="North",1,0) -> 0 | I12: =IF(cleaned_data!C9="South",1,0) -> 0 | J12: =IF(cleaned_data!C9="West",1,0) -> 0
A13: =cleaned_data!A10 -> STR-1003 | B13: =cleaned_data!B10 -> 45658 | C13: =cleaned_data!D10 -> Airport | D13: =cleaned_data!C10 -> North | E13: =IF(cleaned_data!D10="Mall",1,0) -> 0 | F13: =IF(cleaned_data!D10="Residential",1,0) -> 0 | G13: =IF(cleaned_data!D10="Airport",1,0) -> 1 | H13: =IF(cleaned_data!C10="North",1,0) -> 1 | I13: =IF(cleaned_data!C10="South",1,0) -> 0 | J13: =IF(cleaned_data!C10="West",1,0) -> 0
A14: =cleaned_data!A11 -> STR-1003 | B14: =cleaned_data!B11 -> 45689 | C14: =cleaned_data!D11 -> Airport | D14: =cleaned_data!C11 -> North | E14: =IF(cleaned_data!D11="Mall",1,0) -> 0 | F14: =IF(cleaned_data!D11="Residential",1,0) -> 0 | G14: =IF(cleaned_data!D11="Airport",1,0) -> 1 | H14: =IF(cleaned_data!C11="North",1,0) -> 1 | I14: =IF(cleaned_data!C11="South",1,0) -> 0 | J14: =IF(cleaned_data!C11="West",1,0) -> 0
A15: =cleaned_data!A12 -> STR-1003 | B15: =cleaned_data!B12 -> 45717 | C15: =cleaned_data!D12 -> Airport | D15: =cleaned_data!C12 -> North | E15: =IF(cleaned_data!D12="Mall",1,0) -> 0 | F15: =IF(cleaned_data!D12="Residential",1,0) -> 0 | G15: =IF(cleaned_data!D12="Airport",1,0) -> 1 | H15: =IF(cleaned_data!C12="North",1,0) -> 1 | I15: =IF(cleaned_data!C12="South",1,0) -> 0 | J15: =IF(cleaned_data!C12="West",1,0) -> 0
A16: =cleaned_data!A13 -> STR-1003 | B16: =cleaned_data!B13 -> 45748 | C16: =cleaned_data!D13 -> Airport | D16: =cleaned_data!C13 -> North | E16: =IF(cleaned_data!D13="Mall",1,0) -> 0 | F16: =IF(cleaned_data!D13="Residential",1,0) -> 0 | G16: =IF(cleaned_data!D13="Airport",1,0) -> 1 | H16: =IF(cleaned_data!C13="North",1,0) -> 1 | I16: =IF(cleaned_data!C13="South",1,0) -> 0 | J16: =IF(cleaned_data!C13="West",1,0) -> 0
... A324: =cleaned_data!A321 -> STR-1080 | B324: =cleaned_data!B321 -> 45748 | C324: =cleaned_data!D321 -> Residential | D324: =cleaned_data!C321 -> East | E324: =IF(cleaned_data!D321="Mall",1,0) -> 0 | F324: =IF(cleaned_data!D321="Residential",1,0) -> 1 | G324: =IF(cleaned_data!D321="Airport",1,0) -> 0 | H324: =IF(cleaned_data!C321="North",1,0) -> 0 | I324: =IF(cleaned_data!C321="South",1,0) -> 0 | J324: =IF(cleaned_data!C321="West",1,0) -> 0

Sheet simple_regression
A1: Simple Linear Regression Models (monthly_sales as dependent variable)
A3: Model A: monthly_sales ~ marketing_spend
A4: Statistic | B4: Value | E4: Notes
A5: Slope (coefficient) | B5: =SLOPE(cleaned_data!M2:M321,cleaned_data!E2:E321) -> 2.1295753 | E5: Change in monthly_sales per 1-unit increase in marketing_spend
A6: Intercept | B6: =INTERCEPT(cleaned_data!M2:M321,cleaned_data!E2:E321) -> 560777.35 | E6: Predicted monthly_sales when the independent variable is 0
A7: R-squared | B7: =RSQ(cleaned_data!M2:M321,cleaned_data!E2:E321) -> 0.16724469 | E7: Share of variance in monthly_sales explained by this variable alone
A8: N (observations) | B8: =COUNT(cleaned_data!E2:E321) -> 320
A9: Standard error of slope | B9: =STEYX(cleaned_data!M2:M321,cleaned_data!E2:E321)/SQRT(DEVSQ(cleaned_data!E2:E321)) -> 0.26647838
A10: t-statistic | B10: =B5/B9 -> 7.9915501
A11: P-value (two-tailed) | B11: =_xlfn.T.DIST.2T(ABS(B10),B8-2) -> 2.4800615e-14
A12: Regression equation | B12: ="monthly_sales = "&TEXT(B6,"0.00")&" + "&TEXT(B5,"0.0000")&" * marketing_spend" -> monthly_sales = 560777.35 + 2.1296 * marketing_spend
A14: Model B: monthly_sales ~ footfall
A15: Statistic | B15: Value | E15: Notes
A16: Slope (coefficient) | B16: =SLOPE(cleaned_data!M2:M321,cleaned_data!F2:F321) -> 35.678031 | E16: Change in monthly_sales per 1-unit increase in footfall
A17: Intercept | B17: =INTERCEPT(cleaned_data!M2:M321,cleaned_data!F2:F321) -> 446410.58 | E17: Predicted monthly_sales when the independent variable is 0
A18: R-squared | B18: =RSQ(cleaned_data!M2:M321,cleaned_data!F2:F321) -> 0.73628534 | E18: Share of variance in monthly_sales explained by this variable alone
A19: N (observations) | B19: =COUNT(cleaned_data!F2:F321) -> 320
A20: Standard error of slope | B20: =STEYX(cleaned_data!M2:M321,cleaned_data!F2:F321)/SQRT(DEVSQ(cleaned_data!F2:F321)) -> 1.1973783
A21: t-statistic | B21: =B16/B20 -> 29.796791
A22: P-value (two-tailed) | B22: =_xlfn.T.DIST.2T(ABS(B21),B19-2) -> 4.7503615e-94
A23: Regression equation | B23: ="monthly_sales = "&TEXT(B17,"0.00")&" + "&TEXT(B16,"0.0000")&" * footfall" -> monthly_sales = 446410.58 + 35.6780 * footfall
A25: Model C: monthly_sales ~ inventory_availability_pct
A26: Statistic | B26: Value | E26: Notes
A27: Slope (coefficient) | B27: =SLOPE(cleaned_data!M2:M321,cleaned_data!I2:I321) -> 2217.8319 | E27: Change in monthly_sales per 1-unit increase in inventory_availability_pct
A28: Intercept | B28: =INTERCEPT(cleaned_data!M2:M321,cleaned_data!I2:I321) -> 484814.26 | E28: Predicted monthly_sales when the independent variable is 0
A29: R-squared | B29: =RSQ(cleaned_data!M2:M321,cleaned_data!I2:I321) -> 0.013115016 | E29: Share of variance in monthly_sales explained by this variable alone
A30: N (observations) | B30: =COUNT(cleaned_data!I2:I321) -> 320
A31: Standard error of slope | B31: =STEYX(cleaned_data!M2:M321,cleaned_data!I2:I321)/SQRT(DEVSQ(cleaned_data!I2:I321)) -> 1078.8571
A32: t-statistic | B32: =B27/B31 -> 2.0557235
A33: P-value (two-tailed) | B33: =_xlfn.T.DIST.2T(ABS(B32),B30-2) -> 0.040625297
A34: Regression equation | B34: ="monthly_sales = "&TEXT(B28,"0.00")&" + "&TEXT(B27,"0.0000")&" * inventory_availability_pct" -> monthly_sales = 484814.26 + 2217.8319 * inventory_availability_pct

Sheet multiple_regression
A1: Multiple Regression Model: monthly_sales ~ all predictors (with dummy variables)
A3: Reference categories (omitted to avoid the dummy-variable trap): store_type = "High Street", region = "East". All dummy coefficients are interpreted relative to these reference groups.
A5: Predictor matrix (materialized for LINEST; mirrors cleaned_data / dummy_variables)
A6: row# | B6: footfall | C6: marketing_spend | D6: staff_count | E6: inventory_availability_pct | F6: avg_discount_pct | G6: holiday_flag | H6: store_type_Mall | I6: store_type_Residential | J6: store_type_Airport | K6: region_North | L6: region_South | M6: region_West
A7: 1 | B7: =cleaned_data!F2 -> 8302 | C7: =cleaned_data!E2 -> 70389.11 | D7: =cleaned_data!H2 -> 17 | E7: =cleaned_data!I2 -> 75 | F7: =cleaned_data!G2 -> 0.042 | G7: =cleaned_data!K2 -> 1 | H7: =dummy_variables!E5 -> 0 | I7: =dummy_variables!F5 -> 1 | J7: =dummy_variables!G5 -> 0 | K7: =dummy_variables!H5 -> 0 | L7: =dummy_variables!I5 -> 0 | M7: =dummy_variables!J5 -> 0
A8: 2 | B8: =cleaned_data!F3 -> 8487 | C8: =cleaned_data!E3 -> 43827.89 | D8: =cleaned_data!H3 -> 23 | E8: =cleaned_data!I3 -> 84.4 | F8: =cleaned_data!G3 -> 0.168 | G8: =cleaned_data!K3 -> 0 | H8: =dummy_variables!E6 -> 0 | I8: =dummy_variables!F6 -> 1 | J8: =dummy_variables!G6 -> 0 | K8: =dummy_variables!H6 -> 0 | L8: =dummy_variables!I6 -> 0 | M8: =dummy_variables!J6 -> 0
A9: 3 | B9: =cleaned_data!F4 -> 9113 | C9: =cleaned_data!E4 -> 59921.75 | D9: =cleaned_data!H4 -> 20 | E9: =cleaned_data!I4 -> 88 | F9: =cleaned_data!G4 -> 0.133 | G9: =cleaned_data!K4 -> 0 | H9: =dummy_variables!E7 -> 0 | I9: =dummy_variables!F7 -> 1 | J9: =dummy_variables!G7 -> 0 | K9: =dummy_variables!H7 -> 0 | L9: =dummy_variables!I7 -> 0 | M9: =dummy_variables!J7 -> 0
A10: 4 | B10: =cleaned_data!F5 -> 9431 | C10: =cleaned_data!E5 -> 56856.63 | D10: =cleaned_data!H5 -> 23 | E10: =cleaned_data!I5 -> 86.9 | F10: =cleaned_data!G5 -> 0.142 | G10: =cleaned_data!K5 -> 0 | H10: =dummy_variables!E8 -> 0 | I10: =dummy_variables!F8 -> 1 | J10: =dummy_variables!G8 -> 0 | K10: =dummy_variables!H8 -> 0 | L10: =dummy_variables!I8 -> 0 | M10: =dummy_variables!J8 -> 0
A11: 5 | B11: =cleaned_data!F6 -> 9545 | C11: =cleaned_data!E6 -> 48412.64 | D11: =cleaned_data!H6 -> 21 | E11: =cleaned_data!I6 -> 97.6 | F11: =cleaned_data!G6 -> 0.231 | G11: =cleaned_data!K6 -> 1 | H11: =dummy_variables!E9 -> 0 | I11: =dummy_variables!F9 -> 0 | J11: =dummy_variables!G9 -> 0 | K11: =dummy_variables!H9 -> 0 | L11: =dummy_variables!I9 -> 0 | M11: =dummy_variables!J9 -> 0
A12: 6 | B12: =cleaned_data!F7 -> 9792 | C12: =cleaned_data!E7 -> 64811.21 | D12: =cleaned_data!H7 -> 20 | E12: =cleaned_data!I7 -> 84.2 | F12: =cleaned_data!G7 -> 0.112 | G12: =cleaned_data!K7 -> 0 | H12: =dummy_variables!E10 -> 0 | I12: =dummy_variables!F10 -> 0 | J12: =dummy_variables!G10 -> 0 | K12: =dummy_variables!H10 -> 0 | L12: =dummy_variables!I10 -> 0 | M12: =dummy_variables!J10 -> 0
A13: 7 | B13: =cleaned_data!F8 -> 10616 | C13: =cleaned_data!E8 -> 46213.45 | D13: =cleaned_data!H8 -> 22 | E13: =cleaned_data!I8 -> 85.2 | F13: =cleaned_data!G8 -> 0.122 | G13: =cleaned_data!K8 -> 1 | H13: =dummy_variables!E11 -> 0 | I13: =dummy_variables!F11 -> 0 | J13: =dummy_variables!G11 -> 0 | K13: =dummy_variables!H11 -> 0 | L13: =dummy_variables!I11 -> 0 | M13: =dummy_variables!J11 -> 0
A14: 8 | B14: =cleaned_data!F9 -> 8567 | C14: =cleaned_data!E9 -> 68148.52 | D14: =cleaned_data!H9 -> 23 | E14: =cleaned_data!I9 -> 95.6 | F14: =cleaned_data!G9 -> 0.127 | G14: =cleaned_data!K9 -> 0 | H14: =dummy_variables!E12 -> 0 | I14: =dummy_variables!F12 -> 0 | J14: =dummy_variables!G12 -> 0 | K14: =dummy_variables!H12 -> 0 | L14: =dummy_variables!I12 -> 0 | M14: =dummy_variables!J12 -> 0
A15: 9 | B15: =cleaned_data!F10 -> 10979 | C15: =cleaned_data!E10 -> 71838.86 | D15: =cleaned_data!H10 -> 26 | E15: =cleaned_data!I10 -> 88.6 | F15: =cleaned_data!G10 -> 0.215 | G15: =cleaned_data!K10 -> 1 | H15: =dummy_variables!E13 -> 0 | I15: =dummy_variables!F13 -> 0 | J15: =dummy_variables!G13 -> 1 | K15: =dummy_variables!H13 -> 1 | L15: =dummy_variables!I13 -> 0 | M15: =dummy_variables!J13 -> 0
A16: 10 | B16: =cleaned_data!F11 -> 9459 | C16: =cleaned_data!E11 -> 68133.44 | D16: =cleaned_data!H11 -> 21 | E16: =cleaned_data!I11 -> 85 | F16: =cleaned_data!G11 -> 0.22 | G16: =cleaned_data!K11 -> 0 | H16: =dummy_variables!E14 -> 0 | I16: =dummy_variables!F14 -> 0 | J16: =dummy_variables!G14 -> 1 | K16: =dummy_variables!H14 -> 1 | L16: =dummy_variables!I14 -> 0 | M16: =dummy_variables!J14 -> 0
A17: 11 | B17: =cleaned_data!F12 -> 9172 | C17: =cleaned_data!E12 -> 34285.21 | D17: =cleaned_data!H12 -> 22 | E17: =cleaned_data!I12 -> 88.3 | F17: =cleaned_data!G12 -> 0.213 | G17: =cleaned_data!K12 -> 1 | H17: =dummy_variables!E15 -> 0 | I17: =dummy_variables!F15 -> 0 | J17: =dummy_variables!G15 -> 1 | K17: =dummy_variables!H15 -> 1 | L17: =dummy_variables!I15 -> 0 | M17: =dummy_variables!J15 -> 0
A18: 12 | B18: =cleaned_data!F13 -> 11230 | C18: =cleaned_data!E13 -> 67979.88 | D18: =cleaned_data!H13 -> 28 | E18: =cleaned_data!I13 -> 85.3 | F18: =cleaned_data!G13 -> 0.002 | G18: =cleaned_data!K13 -> 0 | H18: =dummy_variables!E16 -> 0 | I18: =dummy_variables!F16 -> 0 | J18: =dummy_variables!G16 -> 1 | K18: =dummy_variables!H16 -> 1 | L18: =dummy_variables!I16 -> 0 | M18: =dummy_variables!J16 -> 0
... A326: 320 | B326: =cleaned_data!F321 -> 5317 | C326: =cleaned_data!E321 -> 40553.11 | D326: =cleaned_data!H321 -> 17 | E326: =cleaned_data!I321 -> 84.3 | F326: =cleaned_data!G321 -> 0.165 | G326: =cleaned_data!K321 -> 0 | H326: =dummy_variables!E324 -> 0 | I326: =dummy_variables!F324 -> 1 | J326: =dummy_variables!G324 -> 0 | K326: =dummy_variables!H324 -> 0 | L326: =dummy_variables!I324 -> 0 | M326: =dummy_variables!J324 -> 0
A329: Regression Results
A330: Variable | B330: Coefficient | C330: Std. Error | D330: t-stat | E330: P-value | F330: Lower 95% | G330: Upper 95%
A331: footfall | B331: =INDEX(LINEST(cleaned_data!M2:M321,B7:M326,TRUE(),TRUE()),1,12) -> 27.991194 | C331: =INDEX(LINEST(cleaned_data!M2:M321,B7:M326,TRUE(),TRUE()),2,12) -> 2.4765581 | D331: =B331/C331 -> 11.302458 | E331: =_xlfn.T.DIST.2T(ABS(D331),307) -> 5.3369487e-25 | F331: =B331-_xlfn.T.INV.2T(0.05,307)*C331 -> 23.118017 | G331: =B331+_xlfn.T.INV.2T(0.05,307)*C331 -> 32.86437
A332: marketing_spend | B332: =INDEX(LINEST(cleaned_data!M2:M321,B7:M326,TRUE(),TRUE()),1,11) -> 1.1545804 | C332: =INDEX(LINEST(cleaned_data!M2:M321,B7:M326,TRUE(),TRUE()),2,11) -> 0.12532441 | D332: =B332/C332 -> 9.2127334 | E332: =_xlfn.T.DIST.2T(ABS(D332),307) -> 5.163462e-18 | F332: =B332-_xlfn.T.INV.2T(0.05,307)*C332 -> 0.90797686 | G332: =B332+_xlfn.T.INV.2T(0.05,307)*C332 -> 1.4011839
A333: staff_count | B333: =INDEX(LINEST(cleaned_data!M2:M321,B7:M326,TRUE(),TRUE()),1,10) -> 3026.302 | C333: =INDEX(LINEST(cleaned_data!M2:M321,B7:M326,TRUE(),TRUE()),2,10) -> 1246.0571 | D333: =B333/C333 -> 2.4287025 | E333: =_xlfn.T.DIST.2T(ABS(D333),307) -> 0.015726923 | F333: =B333-_xlfn.T.INV.2T(0.05,307)*C333 -> 574.40893 | G333: =B333+_xlfn.T.INV.2T(0.05,307)*C333 -> 5478.1951
A334: inventory_availability_pct | B334: =INDEX(LINEST(cleaned_data!M2:M321,B7:M326,TRUE(),TRUE()),1,9) -> 3032.5975 | C334: =INDEX(LINEST(cleaned_data!M2:M321,B7:M326,TRUE(),TRUE()),2,9) -> 456.95481 | D334: =B334/C334 -> 6.6365369 | E334: =_xlfn.T.DIST.2T(ABS(D334),307) -> 1.4530124e-10 | F334: =B334-_xlfn.T.INV.2T(0.05,307)*C334 -> 2133.4378 | G334: =B334+_xlfn.T.INV.2T(0.05,307)*C334 -> 3931.7572
A335: avg_discount_pct | B335: =INDEX(LINEST(cleaned_data!M2:M321,B7:M326,TRUE(),TRUE()),1,8) -> -49804.116 | C335: =INDEX(LINEST(cleaned_data!M2:M321,B7:M326,TRUE(),TRUE()),2,8) -> 36358.08 | D335: =B335/C335 -> -1.3698225 | E335: =_xlfn.T.DIST.2T(ABS(D335),307) -> 0.17174335 | F335: =B335-_xlfn.T.INV.2T(0.05,307)*C335 -> -121346.68 | G335: =B335+_xlfn.T.INV.2T(0.05,307)*C335 -> 21738.453
A336: holiday_flag | B336: =INDEX(LINEST(cleaned_data!M2:M321,B7:M326,TRUE(),TRUE()),1,7) -> 16166.626 | C336: =INDEX(LINEST(cleaned_data!M2:M321,B7:M326,TRUE(),TRUE()),2,7) -> 6565.4317 | D336: =B336/C336 -> 2.4623858 | E336: =_xlfn.T.DIST.2T(ABS(D336),307) -> 0.014350634 | F336: =B336-_xlfn.T.INV.2T(0.05,307)*C336 -> 3247.6862 | G336: =B336+_xlfn.T.INV.2T(0.05,307)*C336 -> 29085.565
A337: store_type_Mall | B337: =INDEX(LINEST(cleaned_data!M2:M321,B7:M326,TRUE(),TRUE()),1,6) -> 11856.483 | C337: =INDEX(LINEST(cleaned_data!M2:M321,B7:M326,TRUE(),TRUE()),2,6) -> 6454.4824 | D337: =B337/C337 -> 1.8369378 | E337: =_xlfn.T.DIST.2T(ABS(D337),307) -> 0.067185628 | F337: =B337-_xlfn.T.INV.2T(0.05,307)*C337 -> -844.13945 | G337: =B337+_xlfn.T.INV.2T(0.05,307)*C337 -> 24557.105
A338: store_type_Residential | B338: =INDEX(LINEST(cleaned_data!M2:M321,B7:M326,TRUE(),TRUE()),1,5) -> -17888.224 | C338: =INDEX(LINEST(cleaned_data!M2:M321,B7:M326,TRUE(),TRUE()),2,5) -> 5954.3798 | D338: =B338/C338 -> -3.0042129 | E338: =_xlfn.T.DIST.2T(ABS(D338),307) -> 0.0028819564 | F338: =B338-_xlfn.T.INV.2T(0.05,307)*C338 -> -29604.784 | G338: =B338+_xlfn.T.INV.2T(0.05,307)*C338 -> -6171.6645
A339: store_type_Airport | B339: =INDEX(LINEST(cleaned_data!M2:M321,B7:M326,TRUE(),TRUE()),1,4) -> 21131.237 | C339: =INDEX(LINEST(cleaned_data!M2:M321,B7:M326,TRUE(),TRUE()),2,4) -> 9237.7578 | D339: =B339/C339 -> 2.2874855 | E339: =_xlfn.T.DIST.2T(ABS(D339),307) -> 0.02284746 | F339: =B339-_xlfn.T.INV.2T(0.05,307)*C339 -> 2953.904 | G339: =B339+_xlfn.T.INV.2T(0.05,307)*C339 -> 39308.569
A340: region_North | B340: =INDEX(LINEST(cleaned_data!M2:M321,B7:M326,TRUE(),TRUE()),1,3) -> 7710.7809 | C340: =INDEX(LINEST(cleaned_data!M2:M321,B7:M326,TRUE(),TRUE()),2,3) -> 6968.3103 | D340: =B340/C340 -> 1.1065496 | E340: =_xlfn.T.DIST.2T(ABS(D340),307) -> 0.26935503 | F340: =B340-_xlfn.T.INV.2T(0.05,307)*C340 -> -6000.9116 | G340: =B340+_xlfn.T.INV.2T(0.05,307)*C340 -> 21422.473
A341: region_South | B341: =INDEX(LINEST(cleaned_data!M2:M321,B7:M326,TRUE(),TRUE()),1,2) -> 19692.487 | C341: =INDEX(LINEST(cleaned_data!M2:M321,B7:M326,TRUE(),TRUE()),2,2) -> 7119.9753 | D341: =B341/C341 -> 2.7658083 | E341: =_xlfn.T.DIST.2T(ABS(D341),307) -> 0.0060221159 | F341: =B341-_xlfn.T.INV.2T(0.05,307)*C341 -> 5682.3597 | G341: =B341+_xlfn.T.INV.2T(0.05,307)*C341 -> 33702.614
A342: region_West | B342: =INDEX(LINEST(cleaned_data!M2:M321,B7:M326,TRUE(),TRUE()),1,1) -> 19831.83 | C342: =INDEX(LINEST(cleaned_data!M2:M321,B7:M326,TRUE(),TRUE()),2,1) -> 6253.492 | D342: =B342/C342 -> 3.1713209 | E342: =_xlfn.T.DIST.2T(ABS(D342),307) -> 0.0016708588 | F342: =B342-_xlfn.T.INV.2T(0.05,307)*C342 -> 7526.7006 | G342: =B342+_xlfn.T.INV.2T(0.05,307)*C342 -> 32136.959
A343: Intercept | B343: =INDEX(LINEST(cleaned_data!M2:M321,B7:M326,TRUE(),TRUE()),1,13) -> 107624.91 | C343: =INDEX(LINEST(cleaned_data!M2:M321,B7:M326,TRUE(),TRUE()),2,13) -> 42939.45 | D343: =B343/C343 -> 2.5064343 | E343: =_xlfn.T.DIST.2T(ABS(D343),307) -> 0.01271242
A345: Model Fit Statistics
A346: R-squared | B346: =INDEX(LINEST(cleaned_data!M2:M321,B7:M326,TRUE(),TRUE()),3,1) -> 0.83374827
A347: Adjusted R-squared | B347: =1-(1-B346)*(320-1)/(320-12-1) -> 0.82724983
A348: Std error of regression | B348: =INDEX(LINEST(cleaned_data!M2:M321,B7:M326,TRUE(),TRUE()),3,2) -> 43130.842
A349: F-statistic | B349: =INDEX(LINEST(cleaned_data!M2:M321,B7:M326,TRUE(),TRUE()),4,1) -> 128.29977
A350: Residual degrees of freedom | B350: =INDEX(LINEST(cleaned_data!M2:M321,B7:M326,TRUE(),TRUE()),4,2) -> 307
A351: N (observations) | B351: =COUNT(B7:B326) -> 320

Sheet predictions_residuals
A1: Predicted Sales and Residuals (Final Multiple Regression Model)
A3: store_id | B3: month | C3: store_type | D3: region | E3: monthly_sales (actual) | F3: predicted_sales | G3: residual
A4: =cleaned_data!A2 -> STR-1001 | B4: =cleaned_data!B2 -> 45658 | C4: =cleaned_data!D2 -> Residential | D4: =cleaned_data!C2 -> East | E4: =cleaned_data!M2 -> 658832.62 | F4: =multiple_regression!B343+multiple_regression!B331*cleaned_data!F2+multiple_regression!B332*cleaned_data!E2+multiple_regression!B333*cleaned_data!H2+multiple_regression!B334*cleaned_data!I2+multiple_regression!B335*cleaned_data!G2+multiple_regression!B336*cleaned_data!K2+multiple_regression!B337*dummy_variables!E5+multiple_regression!B338*dummy_variables!F5+multiple_regression!B339*dummy_variables!G5+multiple_regression!B340*dummy_variables!H5+multiple_regression!B341*dummy_variables!I5+multiple_regression!B342*dummy_variables!J5 -> 696356.26 | G4: =E4-F4 -> -37523.638
A5: =cleaned_data!A3 -> STR-1001 | B5: =cleaned_data!B3 -> 45689 | C5: =cleaned_data!D3 -> Residential | D5: =cleaned_data!C3 -> East | E5: =cleaned_data!M3 -> 634436 | F5: =multiple_regression!B343+multiple_regression!B331*cleaned_data!F3+multiple_regression!B332*cleaned_data!E3+multiple_regression!B333*cleaned_data!H3+multiple_regression!B334*cleaned_data!I3+multiple_regression!B335*cleaned_data!G3+multiple_regression!B336*cleaned_data!K3+multiple_regression!B337*dummy_variables!E6+multiple_regression!B338*dummy_variables!F6+multiple_regression!B339*dummy_variables!G6+multiple_regression!B340*dummy_variables!H6+multiple_regression!B341*dummy_variables!I6+multiple_regression!B342*dummy_variables!J6 -> 695089.85 | G5: =E5-F5 -> -60653.85
A6: =cleaned_data!A4 -> STR-1001 | B6: =cleaned_data!B4 -> 45717 | C6: =cleaned_data!D4 -> Residential | D6: =cleaned_data!C4 -> East | E6: =cleaned_data!M4 -> 678722.06 | F6: =multiple_regression!B343+multiple_regression!B331*cleaned_data!F4+multiple_regression!B332*cleaned_data!E4+multiple_regression!B333*cleaned_data!H4+multiple_regression!B334*cleaned_data!I4+multiple_regression!B335*cleaned_data!G4+multiple_regression!B336*cleaned_data!K4+multiple_regression!B337*dummy_variables!E7+multiple_regression!B338*dummy_variables!F7+multiple_regression!B339*dummy_variables!G7+multiple_regression!B340*dummy_variables!H7+multiple_regression!B341*dummy_variables!I7+multiple_regression!B342*dummy_variables!J7 -> 734775.58 | G6: =E6-F6 -> -56053.521
A7: =cleaned_data!A5 -> STR-1001 | B7: =cleaned_data!B5 -> 45748 | C7: =cleaned_data!D5 -> Residential | D7: =cleaned_data!C5 -> East | E7: =cleaned_data!M5 -> 658920.3 | F7: =multiple_regression!B343+multiple_regression!B331*cleaned_data!F5+multiple_regression!B332*cleaned_data!E5+multiple_regression!B333*cleaned_data!H5+multiple_regression!B334*cleaned_data!I5+multiple_regression!B335*cleaned_data!G5+multiple_regression!B336*cleaned_data!K5+multiple_regression!B337*dummy_variables!E8+multiple_regression!B338*dummy_variables!F8+multiple_regression!B339*dummy_variables!G8+multiple_regression!B340*dummy_variables!H8+multiple_regression!B341*dummy_variables!I8+multiple_regression!B342*dummy_variables!J8 -> 745432.66 | G7: =E7-F7 -> -86512.365
A8: =cleaned_data!A6 -> STR-1002 | B8: =cleaned_data!B6 -> 45658 | C8: =cleaned_data!D6 -> High Street | D8: =cleaned_data!C6 -> East | E8: =cleaned_data!M6 -> 741341.44 | F8: =multiple_regression!B343+multiple_regression!B331*cleaned_data!F6+multiple_regression!B332*cleaned_data!E6+multiple_regression!B333*cleaned_data!H6+multiple_regression!B334*cleaned_data!I6+multiple_regression!B335*cleaned_data!G6+multiple_regression!B336*cleaned_data!K6+multiple_regression!B337*dummy_variables!E9+multiple_regression!B338*dummy_variables!F9+multiple_regression!B339*dummy_variables!G9+multiple_regression!B340*dummy_variables!H9+multiple_regression!B341*dummy_variables!I9+multiple_regression!B342*dummy_variables!J9 -> 794892.87 | G8: =E8-F8 -> -53551.429
A9: =cleaned_data!A7 -> STR-1002 | B9: =cleaned_data!B7 -> 45689 | C9: =cleaned_data!D7 -> High Street | D9: =cleaned_data!C7 -> East | E9: =cleaned_data!M7 -> 761835.34 | F9: =multiple_regression!B343+multiple_regression!B331*cleaned_data!F7+multiple_regression!B332*cleaned_data!E7+multiple_regression!B333*cleaned_data!H7+multiple_regression!B334*cleaned_data!I7+multiple_regression!B335*cleaned_data!G7+multiple_regression!B336*cleaned_data!K7+multiple_regression!B337*dummy_variables!E10+multiple_regression!B338*dummy_variables!F10+multiple_regression!B339*dummy_variables!G10+multiple_regression!B340*dummy_variables!H10+multiple_regression!B341*dummy_variables!I10+multiple_regression!B342*dummy_variables!J10 -> 766837.12 | G9: =E9-F9 -> -5001.7762
A10: =cleaned_data!A8 -> STR-1002 | B10: =cleaned_data!B8 -> 45717 | C10: =cleaned_data!D8 -> High Street | D10: =cleaned_data!C8 -> East | E10: =cleaned_data!M8 -> 806615.54 | F10: =multiple_regression!B343+multiple_regression!B331*cleaned_data!F8+multiple_regression!B332*cleaned_data!E8+multiple_regression!B333*cleaned_data!H8+multiple_regression!B334*cleaned_data!I8+multiple_regression!B335*cleaned_data!G8+multiple_regression!B336*cleaned_data!K8+multiple_regression!B337*dummy_variables!E11+multiple_regression!B338*dummy_variables!F11+multiple_regression!B339*dummy_variables!G11+multiple_regression!B340*dummy_variables!H11+multiple_regression!B341*dummy_variables!I11+multiple_regression!B342*dummy_variables!J11 -> 793183.04 | G10: =E10-F10 -> 13432.503
A11: =cleaned_data!A9 -> STR-1002 | B11: =cleaned_data!B9 -> 45748 | C11: =cleaned_data!D9 -> High Street | D11: =cleaned_data!C9 -> East | E11: =cleaned_data!M9 -> 850164.26 | F11: =multiple_regression!B343+multiple_regression!B331*cleaned_data!F9+multiple_regression!B332*cleaned_data!E9+multiple_regression!B333*cleaned_data!H9+multiple_regression!B334*cleaned_data!I9+multiple_regression!B335*cleaned_data!G9+multiple_regression!B336*cleaned_data!K9+multiple_regression!B337*dummy_variables!E12+multiple_regression!B338*dummy_variables!F12+multiple_regression!B339*dummy_variables!G12+multiple_regression!B340*dummy_variables!H12+multiple_regression!B341*dummy_variables!I12+multiple_regression!B342*dummy_variables!J12 -> 779304.55 | G11: =E11-F11 -> 70859.708
A12: =cleaned_data!A10 -> STR-1003 | B12: =cleaned_data!B10 -> 45658 | C12: =cleaned_data!D10 -> Airport | D12: =cleaned_data!C10 -> North | E12: =cleaned_data!M10 -> 930581.7 | F12: =multiple_regression!B343+multiple_regression!B331*cleaned_data!F10+multiple_regression!B332*cleaned_data!E10+multiple_regression!B333*cleaned_data!H10+multiple_regression!B334*cleaned_data!I10+multiple_regression!B335*cleaned_data!G10+multiple_regression!B336*cleaned_data!K10+multiple_regression!B337*dummy_variables!E13+multiple_regression!B338*dummy_variables!F13+multiple_regression!B339*dummy_variables!G13+multiple_regression!B340*dummy_variables!H13+multiple_regression!B341*dummy_variables!I13+multiple_regression!B342*dummy_variables!J13 -> 879556.71 | G12: =E12-F12 -> 51024.99
A13: =cleaned_data!A11 -> STR-1003 | B13: =cleaned_data!B11 -> 45689 | C13: =cleaned_data!D11 -> Airport | D13: =cleaned_data!C11 -> North | E13: =cleaned_data!M11 -> 779010.94 | F13: =multiple_regression!B343+multiple_regression!B331*cleaned_data!F11+multiple_regression!B332*cleaned_data!E11+multiple_regression!B333*cleaned_data!H11+multiple_regression!B334*cleaned_data!I11+multiple_regression!B335*cleaned_data!G11+multiple_regression!B336*cleaned_data!K11+multiple_regression!B337*dummy_variables!E14+multiple_regression!B338*dummy_variables!F14+multiple_regression!B339*dummy_variables!G14+multiple_regression!B340*dummy_variables!H14+multiple_regression!B341*dummy_variables!I14+multiple_regression!B342*dummy_variables!J14 -> 790267.38 | G13: =E13-F13 -> -11256.443
A14: =cleaned_data!A12 -> STR-1003 | B14: =cleaned_data!B12 -> 45717 | C14: =cleaned_data!D12 -> Airport | D14: =cleaned_data!C12 -> North | E14: =cleaned_data!M12 -> 723060.76 | F14: =multiple_regression!B343+multiple_regression!B331*cleaned_data!F12+multiple_regression!B332*cleaned_data!E12+multiple_regression!B333*cleaned_data!H12+multiple_regression!B334*cleaned_data!I12+multiple_regression!B335*cleaned_data!G12+multiple_regression!B336*cleaned_data!K12+multiple_regression!B337*dummy_variables!E15+multiple_regression!B338*dummy_variables!F15+multiple_regression!B339*dummy_variables!G15+multiple_regression!B340*dummy_variables!H15+multiple_regression!B341*dummy_variables!I15+multiple_regression!B342*dummy_variables!J15 -> 772702.54 | G14: =E14-F14 -> -49641.777
A15: =cleaned_data!A13 -> STR-1003 | B15: =cleaned_data!B13 -> 45748 | C15: =cleaned_data!D13 -> Airport | D15: =cleaned_data!C13 -> North | E15: =cleaned_data!M13 -> 910791.94 | F15: =multiple_regression!B343+multiple_regression!B331*cleaned_data!F13+multiple_regression!B332*cleaned_data!E13+multiple_regression!B333*cleaned_data!H13+multiple_regression!B334*cleaned_data!I13+multiple_regression!B335*cleaned_data!G13+multiple_regression!B336*cleaned_data!K13+multiple_regression!B337*dummy_variables!E16+multiple_regression!B338*dummy_variables!F16+multiple_regression!B339*dummy_variables!G16+multiple_regression!B340*dummy_variables!H16+multiple_regression!B341*dummy_variables!I16+multiple_regression!B342*dummy_variables!J16 -> 872613.68 | G15: =E15-F15 -> 38178.26
A16: =cleaned_data!A14 -> STR-1004 | B16: =cleaned_data!B14 -> 45658 | C16: =cleaned_data!D14 -> Residential | D16: =cleaned_data!C14 -> East | E16: =cleaned_data!M14 -> 922168.6 | F16: =multiple_regression!B343+multiple_regression!B331*cleaned_data!F14+multiple_regression!B332*cleaned_data!E14+multiple_regression!B333*cleaned_data!H14+multiple_regression!B334*cleaned_data!I14+multiple_regression!B335*cleaned_data!G14+multiple_regression!B336*cleaned_data!K14+multiple_regression!B337*dummy_variables!E17+multiple_regression!B338*dummy_variables!F17+multiple_regression!B339*dummy_variables!G17+multiple_regression!B340*dummy_variables!H17+multiple_regression!B341*dummy_variables!I17+multiple_regression!B342*dummy_variables!J17 -> 879197.31 | G16: =E16-F16 -> 42971.294
A17: =cleaned_data!A15 -> STR-1004 | B17: =cleaned_data!B15 -> 45689 | C17: =cleaned_data!D15 -> Residential | D17: =cleaned_data!C15 -> East | E17: =cleaned_data!M15 -> 726606.28 | F17: =multiple_regression!B343+multiple_regression!B331*cleaned_data!F15+multiple_regression!B332*cleaned_data!E15+multiple_regression!B333*cleaned_data!H15+multiple_regression!B334*cleaned_data!I15+multiple_regression!B335*cleaned_data!G15+multiple_regression!B336*cleaned_data!K15+multiple_regression!B337*dummy_variables!E18+multiple_regression!B338*dummy_variables!F18+multiple_regression!B339*dummy_variables!G18+multiple_regression!B340*dummy_variables!H18+multiple_regression!B341*dummy_variables!I18+multiple_regression!B342*dummy_variables!J18 -> 758317.07 | G17: =E17-F17 -> -31710.787
A18: =cleaned_data!A16 -> STR-1004 | B18: =cleaned_data!B16 -> 45717 | C18: =cleaned_data!D16 -> Residential | D18: =cleaned_data!C16 -> East | E18: =cleaned_data!M16 -> 746501.09 | F18: =multiple_regression!B343+multiple_regression!B331*cleaned_data!F16+multiple_regression!B332*cleaned_data!E16+multiple_regression!B333*cleaned_data!H16+multiple_regression!B334*cleaned_data!I16+multiple_regression!B335*cleaned_data!G16+multiple_regression!B336*cleaned_data!K16+multiple_regression!B337*dummy_variables!E19+multiple_regression!B338*dummy_variables!F19+multiple_regression!B339*dummy_variables!G19+multiple_regression!B340*dummy_variables!H19+multiple_regression!B341*dummy_variables!I19+multiple_regression!B342*dummy_variables!J19 -> 735432.96 | G18: =E18-F18 -> 11068.128
A19: =cleaned_data!A17 -> STR-1004 | B19: =cleaned_data!B17 -> 45748 | C19: =cleaned_data!D17 -> Residential | D19: =cleaned_data!C17 -> East | E19: =cleaned_data!M17 -> 834017.02 | F19: =multiple_regression!B343+multiple_regression!B331*cleaned_data!F17+multiple_regression!B332*cleaned_data!E17+multiple_regression!B333*cleaned_data!H17+multiple_regression!B334*cleaned_data!I17+multiple_regression!B335*cleaned_data!G17+multiple_regression!B336*cleaned_data!K17+multiple_regression!B337*dummy_variables!E20+multiple_regression!B338*dummy_variables!F20+multiple_regression!B339*dummy_variables!G20+multiple_regression!B340*dummy_variables!H20+multiple_regression!B341*dummy_variables!I20+multiple_regression!B342*dummy_variables!J20 -> 793285.57 | G19: =E19-F19 -> 40731.446
A20: =cleaned_data!A18 -> STR-1005 | B20: =cleaned_data!B18 -> 45658 | C20: =cleaned_data!D18 -> Residential | D20: =cleaned_data!C18 -> South | E20: =cleaned_data!M18 -> 666152.52 | F20: =multiple_regression!B343+multiple_regression!B331*cleaned_data!F18+multiple_regression!B332*cleaned_data!E18+multiple_regression!B333*cleaned_data!H18+multiple_regression!B334*cleaned_data!I18+multiple_regression!B335*cleaned_data!G18+multiple_regression!B336*cleaned_data!K18+multiple_regression!B337*dummy_variables!E21+multiple_regression!B338*dummy_variables!F21+multiple_regression!B339*dummy_variables!G21+multiple_regression!B340*dummy_variables!H21+multiple_regression!B341*dummy_variables!I21+multiple_regression!B342*dummy_variables!J21 -> 674415.73 | G20: =E20-F20 -> -8263.2092
A21: =cleaned_data!A19 -> STR-1005 | B21: =cleaned_data!B19 -> 45689 | C21: =cleaned_data!D19 -> Residential | D21: =cleaned_data!C19 -> South | E21: =cleaned_data!M19 -> 573155.19 | F21: =multiple_regression!B343+multiple_regression!B331*cleaned_data!F19+multiple_regression!B332*cleaned_data!E19+multiple_regression!B333*cleaned_data!H19+multiple_regression!B334*cleaned_data!I19+multiple_regression!B335*cleaned_data!G19+multiple_regression!B336*cleaned_data!K19+multiple_regression!B337*dummy_variables!E22+multiple_regression!B338*dummy_variables!F22+multiple_regression!B339*dummy_variables!G22+multiple_regression!B340*dummy_variables!H22+multiple_regression!B341*dummy_variables!I22+multiple_regression!B342*dummy_variables!J22 -> 583977.57 | G21: =E21-F21 -> -10822.376
A22: =cleaned_data!A20 -> STR-1005 | B22: =cleaned_data!B20 -> 45717 | C22: =cleaned_data!D20 -> Residential | D22: =cleaned_data!C20 -> South | E22: =cleaned_data!M20 -> 666573.2 | F22: =multiple_regression!B343+multiple_regression!B331*cleaned_data!F20+multiple_regression!B332*cleaned_data!E20+multiple_regression!B333*cleaned_data!H20+multiple_regression!B334*cleaned_data!I20+multiple_regression!B335*cleaned_data!G20+multiple_regression!B336*cleaned_data!K20+multiple_regression!B337*dummy_variables!E23+multiple_regression!B338*dummy_variables!F23+multiple_regression!B339*dummy_variables!G23+multiple_regression!B340*dummy_variables!H23+multiple_regression!B341*dummy_variables!I23+multiple_regression!B342*dummy_variables!J23 -> 686223.22 | G22: =E22-F22 -> -19650.02
A23: =cleaned_data!A21 -> STR-1005 | B23: =cleaned_data!B21 -> 45748 | C23: =cleaned_data!D21 -> Residential | D23: =cleaned_data!C21 -> South | E23: =cleaned_data!M21 -> 591619.95 | F23: =multiple_regression!B343+multiple_regression!B331*cleaned_data!F21+multiple_regression!B332*cleaned_data!E21+multiple_regression!B333*cleaned_data!H21+multiple_regression!B334*cleaned_data!I21+multiple_regression!B335*cleaned_data!G21+multiple_regression!B336*cleaned_data!K21+multiple_regression!B337*dummy_variables!E24+multiple_regression!B338*dummy_variables!F24+multiple_regression!B339*dummy_variables!G24+multiple_regression!B340*dummy_variables!H24+multiple_regression!B341*dummy_variables!I24+multiple_regression!B342*dummy_variables!J24 -> 601784.51 | G23: =E23-F23 -> -10164.558
A24: =cleaned_data!A22 -> STR-1006 | B24: =cleaned_data!B22 -> 45658 | C24: =cleaned_data!D22 -> Residential | D24: =cleaned_data!C22 -> North | E24: =cleaned_data!M22 -> 415721.82 | F24: =multiple_regression!B343+multiple_regression!B331*cleaned_data!F22+multiple_regression!B332*cleaned_data!E22+multiple_regression!B333*cleaned_data!H22+multiple_regression!B334*cleaned_data!I22+multiple_regression!B335*cleaned_data!G22+multiple_regression!B336*cleaned_data!K22+multiple_regression!B337*dummy_variables!E25+multiple_regression!B338*dummy_variables!F25+multiple_regression!B339*dummy_variables!G25+multiple_regression!B340*dummy_variables!H25+multiple_regression!B341*dummy_variables!I25+multiple_regression!B342*dummy_variables!J25 -> 484383.61 | G24: =E24-F24 -> -68661.794
A25: =cleaned_data!A23 -> STR-1006 | B25: =cleaned_data!B23 -> 45689 | C25: =cleaned_data!D23 -> Residential | D25: =cleaned_data!C23 -> North | E25: =cleaned_data!M23 -> 491905.13 | F25: =multiple_regression!B343+multiple_regression!B331*cleaned_data!F23+multiple_regression!B332*cleaned_data!E23+multiple_regression!B333*cleaned_data!H23+multiple_regression!B334*cleaned_data!I23+multiple_regression!B335*cleaned_data!G23+multiple_regression!B336*cleaned_data!K23+multiple_regression!B337*dummy_variables!E26+multiple_regression!B338*dummy_variables!F26+multiple_regression!B339*dummy_variables!G26+multiple_regression!B340*dummy_variables!H26+multiple_regression!B341*dummy_variables!I26+multiple_regression!B342*dummy_variables!J26 -> 479346.8 | G25: =E25-F25 -> 12558.331
A26: =cleaned_data!A24 -> STR-1006 | B26: =cleaned_data!B24 -> 45717 | C26: =cleaned_data!D24 -> Residential | D26: =cleaned_data!C24 -> North | E26: =cleaned_data!M24 -> 555929.4 | F26: =multiple_regression!B343+multiple_regression!B331*cleaned_data!F24+multiple_regression!B332*cleaned_data!E24+multiple_regression!B333*cleaned_data!H24+multiple_regression!B334*cleaned_data!I24+multiple_regression!B335*cleaned_data!G24+multiple_regression!B336*cleaned_data!K24+multiple_regression!B337*dummy_variables!E27+multiple_regression!B338*dummy_variables!F27+multiple_regression!B339*dummy_variables!G27+multiple_regression!B340*dummy_variables!H27+multiple_regression!B341*dummy_variables!I27+multiple_regression!B342*dummy_variables!J27 -> 536623.81 | G26: =E26-F26 -> 19305.595
A27: =cleaned_data!A25 -> STR-1006 | B27: =cleaned_data!B25 -> 45748 | C27: =cleaned_data!D25 -> Residential | D27: =cleaned_data!C25 -> North | E27: =cleaned_data!M25 -> 565810.99 | F27: =multiple_regression!B343+multiple_regression!B331*cleaned_data!F25+multiple_regression!B332*cleaned_data!E25+multiple_regression!B333*cleaned_data!H25+multiple_regression!B334*cleaned_data!I25+multiple_regression!B335*cleaned_data!G25+multiple_regression!B336*cleaned_data!K25+multiple_regression!B337*dummy_variables!E28+multiple_regression!B338*dummy_variables!F28+multiple_regression!B339*dummy_variables!G28+multiple_regression!B340*dummy_variables!H28+multiple_regression!B341*dummy_variables!I28+multiple_regression!B342*dummy_variables!J28 -> 547102.37 | G27: =E27-F27 -> 18708.617
A28: =cleaned_data!A26 -> STR-1007 | B28: =cleaned_data!B26 -> 45658 | C28: =cleaned_data!D26 -> Mall | D28: =cleaned_data!C26 -> West | E28: =cleaned_data!M26 -> 811771.14 | F28: =multiple_regression!B343+multiple_regression!B331*cleaned_data!F26+multiple_regression!B332*cleaned_data!E26+multiple_regression!B333*cleaned_data!H26+multiple_regression!B334*cleaned_data!I26+multiple_regression!B335*cleaned_data!G26+multiple_regression!B336*cleaned_data!K26+multiple_regression!B337*dummy_variables!E29+multiple_regression!B338*dummy_variables!F29+multiple_regression!B339*dummy_variables!G29+multiple_regression!B340*dummy_variables!H29+multiple_regression!B341*dummy_variables!I29+multiple_regression!B342*dummy_variables!J29 -> 849064.2 | G28: =E28-F28 -> -37293.059
A29: =cleaned_data!A27 -> STR-1007 | B29: =cleaned_data!B27 -> 45689 | C29: =cleaned_data!D27 -> Mall | D29: =cleaned_data!C27 -> West | E29: =cleaned_data!M27 -> 800451.94 | F29: =multiple_regression!B343+multiple_regression!B331*cleaned_data!F27+multiple_regression!B332*cleaned_data!E27+multiple_regression!B333*cleaned_data!H27+multiple_regression!B334*cleaned_data!I27+multiple_regression!B335*cleaned_data!G27+multiple_regression!B336*cleaned_data!K27+multiple_regression!B337*dummy_variables!E30+multiple_regression!B338*dummy_variables!F30+multiple_regression!B339*dummy_variables!G30+multiple_regression!B340*dummy_variables!H30+multiple_regression!B341*dummy_variables!I30+multiple_regression!B342*dummy_variables!J30 -> 909274.15 | G29: =E29-F29 -> -108822.21
A30: =cleaned_data!A28 -> STR-1007 | B30: =cleaned_data!B28 -> 45717 | C30: =cleaned_data!D28 -> Mall | D30: =cleaned_data!C28 -> West | E30: =cleaned_data!M28 -> 783672.82 | F30: =multiple_regression!B343+multiple_regression!B331*cleaned_data!F28+multiple_regression!B332*cleaned_data!E28+multiple_regression!B333*cleaned_data!H28+multiple_regression!B334*cleaned_data!I28+multiple_regression!B335*cleaned_data!G28+multiple_regression!B336*cleaned_data!K28+multiple_regression!B337*dummy_variables!E31+multiple_regression!B338*dummy_variables!F31+multiple_regression!B339*dummy_variables!G31+multiple_regression!B340*dummy_variables!H31+multiple_regression!B341*dummy_variables!I31+multiple_regression!B342*dummy_variables!J31 -> 803749.21 | G30: =E30-F30 -> -20076.388
A31: =cleaned_data!A29 -> STR-1007 | B31: =cleaned_data!B29 -> 45748 | C31: =cleaned_data!D29 -> Mall | D31: =cleaned_data!C29 -> West | E31: =cleaned_data!M29 -> 701641.97 | F31: =multiple_regression!B343+multiple_regression!B331*cleaned_data!F29+multiple_regression!B332*cleaned_data!E29+multiple_regression!B333*cleaned_data!H29+multiple_regression!B334*cleaned_data!I29+multiple_regression!B335*cleaned_data!G29+multiple_regression!B336*cleaned_data!K29+multiple_regression!B337*dummy_variables!E32+multiple_regression!B338*dummy_variables!F32+multiple_regression!B339*dummy_variables!G32+multiple_regression!B340*dummy_variables!H32+multiple_regression!B341*dummy_variables!I32+multiple_regression!B342*dummy_variables!J32 -> 700046.87 | G31: =E31-F31 -> 1595.0975
A32: =cleaned_data!A30 -> STR-1008 | B32: =cleaned_data!B30 -> 45658 | C32: =cleaned_data!D30 -> Residential | D32: =cleaned_data!C30 -> East | E32: =cleaned_data!M30 -> 511844.41 | F32: =multiple_regression!B343+multiple_regression!B331*cleaned_data!F30+multiple_regression!B332*cleaned_data!E30+multiple_regression!B333*cleaned_data!H30+multiple_regression!B334*cleaned_data!I30+multiple_regression!B335*cleaned_data!G30+multiple_regression!B336*cleaned_data!K30+multiple_regression!B337*dummy_variables!E33+multiple_regression!B338*dummy_variables!F33+multiple_regression!B339*dummy_variables!G33+multiple_regression!B340*dummy_variables!H33+multiple_regression!B341*dummy_variables!I33+multiple_regression!B342*dummy_variables!J33 -> 565454.89 | G32: =E32-F32 -> -53610.483
A33: =cleaned_data!A31 -> STR-1008 | B33: =cleaned_data!B31 -> 45689 | C33: =cleaned_data!D31 -> Residential | D33: =cleaned_data!C31 -> East | E33: =cleaned_data!M31 -> 537383.79 | F33: =multiple_regression!B343+multiple_regression!B331*cleaned_data!F31+multiple_regression!B332*cleaned_data!E31+multiple_regression!B333*cleaned_data!H31+multiple_regression!B334*cleaned_data!I31+multiple_regression!B335*cleaned_data!G31+multiple_regression!B336*cleaned_data!K31+multiple_regression!B337*dummy_variables!E34+multiple_regression!B338*dummy_variables!F34+multiple_regression!B339*dummy_variables!G34+multiple_regression!B340*dummy_variables!H34+multiple_regression!B341*dummy_variables!I34+multiple_regression!B342*dummy_variables!J34 -> 511409.56 | G33: =E33-F33 -> 25974.23
A34: =cleaned_data!A32 -> STR-1008 | B34: =cleaned_data!B32 -> 45717 | C34: =cleaned_data!D32 -> Residential | D34: =cleaned_data!C32 -> East | E34: =cleaned_data!M32 -> 500173.02 | F34: =multiple_regression!B343+multiple_regression!B331*cleaned_data!F32+multiple_regression!B332*cleaned_data!E32+multiple_regression!B333*cleaned_data!H32+multiple_regression!B334*cleaned_data!I32+multiple_regression!B335*cleaned_data!G32+multiple_regression!B336*cleaned_data!K32+multiple_regression!B337*dummy_variables!E35+multiple_regression!B338*dummy_variables!F35+multiple_regression!B339*dummy_variables!G35+multiple_regression!B340*dummy_variables!H35+multiple_regression!B341*dummy_variables!I35+multiple_regression!B342*dummy_variables!J35 -> 519162.62 | G34: =E34-F34 -> -18989.605
A35: =cleaned_data!A33 -> STR-1008 | B35: =cleaned_data!B33 -> 45748 | C35: =cleaned_data!D33 -> Residential | D35: =cleaned_data!C33 -> East | E35: =cleaned_data!M33 -> 427917.38 | F35: =multiple_regression!B343+multiple_regression!B331*cleaned_data!F33+multiple_regression!B332*cleaned_data!E33+multiple_regression!B333*cleaned_data!H33+multiple_regression!B334*cleaned_data!I33+multiple_regression!B335*cleaned_data!G33+multiple_regression!B336*cleaned_data!K33+multiple_regression!B337*dummy_variables!E36+multiple_regression!B338*dummy_variables!F36+multiple_regression!B339*dummy_variables!G36+multiple_regression!B340*dummy_variables!H36+multiple_regression!B341*dummy_variables!I36+multiple_regression!B342*dummy_variables!J36 -> 476919.65 | G35: =E35-F35 -> -49002.274
A36: =cleaned_data!A34 -> STR-1009 | B36: =cleaned_data!B34 -> 45658 | C36: =cleaned_data!D34 -> Residential | D36: =cleaned_data!C34 -> North | E36: =cleaned_data!M34 -> 641865.03 | F36: =multiple_regression!B343+multiple_regression!B331*cleaned_data!F34+multiple_regression!B332*cleaned_data!E34+multiple_regression!B333*cleaned_data!H34+multiple_regression!B334*cleaned_data!I34+multiple_regression!B335*cleaned_data!G34+multiple_regression!B336*cleaned_data!K34+multiple_regression!B337*dummy_variables!E37+multiple_regression!B338*dummy_variables!F37+multiple_regression!B339*dummy_variables!G37+multiple_regression!B340*dummy_variables!H37+multiple_regression!B341*dummy_variables!I37+multiple_regression!B342*dummy_variables!J37 -> 731218.55 | G36: =E36-F36 -> -89353.523
A37: =cleaned_data!A35 -> STR-1009 | B37: =cleaned_data!B35 -> 45689 | C37: =cleaned_data!D35 -> Residential | D37: =cleaned_data!C35 -> North | E37: =cleaned_data!M35 -> 799477.76 | F37: =multiple_regression!B343+multiple_regression!B331*cleaned_data!F35+multiple_regression!B332*cleaned_data!E35+multiple_regression!B333*cleaned_data!H35+multiple_regression!B334*cleaned_data!I35+multiple_regression!B335*cleaned_data!G35+multiple_regression!B336*cleaned_data!K35+multiple_regression!B337*dummy_variables!E38+multiple_regression!B338*dummy_variables!F38+multiple_regression!B339*dummy_variables!G38+multiple_regression!B340*dummy_variables!H38+multiple_regression!B341*dummy_variables!I38+multiple_regression!B342*dummy_variables!J38 -> 839012.34 | G37: =E37-F37 -> -39534.584
A38: =cleaned_data!A36 -> STR-1009 | B38: =cleaned_data!B36 -> 45717 | C38: =cleaned_data!D36 -> Residential | D38: =cleaned_data!C36 -> North | E38: =cleaned_data!M36 -> 798952.17 | F38: =multiple_regression!B343+multiple_regression!B331*cleaned_data!F36+multiple_regression!B332*cleaned_data!E36+multiple_regression!B333*cleaned_data!H36+multiple_regression!B334*cleaned_data!I36+multiple_regression!B335*cleaned_data!G36+multiple_regression!B336*cleaned_data!K36+multiple_regression!B337*dummy_variables!E39+multiple_regression!B338*dummy_variables!F39+multiple_regression!B339*dummy_variables!G39+multiple_regression!B340*dummy_variables!H39+multiple_regression!B341*dummy_variables!I39+multiple_regression!B342*dummy_variables!J39 -> 794817.87 | G38: =E38-F38 -> 4134.2961
A39: =cleaned_data!A37 -> STR-1009 | B39: =cleaned_data!B37 -> 45748 | C39: =cleaned_data!D37 -> Residential | D39: =cleaned_data!C37 -> North | E39: =cleaned_data!M37 -> 800979.78 | F39: =multiple_regression!B343+multiple_regression!B331*cleaned_data!F37+multiple_regression!B332*cleaned_data!E37+multiple_regression!B333*cleaned_data!H37+multiple_regression!B334*cleaned_data!I37+multiple_regression!B335*cleaned_data!G37+multiple_regression!B336*cleaned_data!K37+multiple_regression!B337*dummy_variables!E40+multiple_regression!B338*dummy_variables!F40+multiple_regression!B339*dummy_variables!G40+multiple_regression!B340*dummy_variables!H40+multiple_regression!B341*dummy_variables!I40+multiple_regression!B342*dummy_variables!J40 -> 814219.23 | G39: =E39-F39 -> -13239.448
A40: =cleaned_data!A38 -> STR-1010 | B40: =cleaned_data!B38 -> 45658 | C40: =cleaned_data!D38 -> Mall | D40: =cleaned_data!C38 -> North | E40: =cleaned_data!M38 -> 820593.93 | F40: =multiple_regression!B343+multiple_regression!B331*cleaned_data!F38+multiple_regression!B332*cleaned_data!E38+multiple_regression!B333*cleaned_data!H38+multiple_regression!B334*cleaned_data!I38+multiple_regression!B335*cleaned_data!G38+multiple_regression!B336*cleaned_data!K38+multiple_regression!B337*dummy_variables!E41+multiple_regression!B338*dummy_variables!F41+multiple_regression!B339*dummy_variables!G41+multiple_regression!B340*dummy_variables!H41+multiple_regression!B341*dummy_variables!I41+multiple_regression!B342*dummy_variables!J41 -> 788629.3 | G40: =E40-F40 -> 31964.632
A41: =cleaned_data!A39 -> STR-1010 | B41: =cleaned_data!B39 -> 45689 | C41: =cleaned_data!D39 -> Mall | D41: =cleaned_data!C39 -> North | E41: =cleaned_data!M39 -> 718330.53 | F41: =multiple_regression!B343+multiple_regression!B331*cleaned_data!F39+multiple_regression!B332*cleaned_data!E39+multiple_regression!B333*cleaned_data!H39+multiple_regression!B334*cleaned_data!I39+multiple_regression!B335*cleaned_data!G39+multiple_regression!B336*cleaned_data!K39+multiple_regression!B337*dummy_variables!E42+multiple_regression!B338*dummy_variables!F42+multiple_regression!B339*dummy_variables!G42+multiple_regression!B340*dummy_variables!H42+multiple_regression!B341*dummy_variables!I42+multiple_regression!B342*dummy_variables!J42 -> 757659.7 | G41: =E41-F41 -> -39329.17
A42: =cleaned_data!A40 -> STR-1010 | B42: =cleaned_data!B40 -> 45717 | C42: =cleaned_data!D40 -> Mall | D42: =cleaned_data!C40 -> North | E42: =cleaned_data!M40 -> 736633.4 | F42: =multiple_regression!B343+multiple_regression!B331*cleaned_data!F40+multiple_regression!B332*cleaned_data!E40+multiple_regression!B333*cleaned_data!H40+multiple_regression!B334*cleaned_data!I40+multiple_regression!B335*cleaned_data!G40+multiple_regression!B336*cleaned_data!K40+multiple_regression!B337*dummy_variables!E43+multiple_regression!B338*dummy_variables!F43+multiple_regression!B339*dummy_variables!G43+multiple_regression!B340*dummy_variables!H43+multiple_regression!B341*dummy_variables!I43+multiple_regression!B342*dummy_variables!J43 -> 745718.6 | G42: =E42-F42 -> -9085.2043
A43: =cleaned_data!A41 -> STR-1010 | B43: =cleaned_data!B41 -> 45748 | C43: =cleaned_data!D41 -> Mall | D43: =cleaned_data!C41 -> North | E43: =cleaned_data!M41 -> 828623.85 | F43: =multiple_regression!B343+multiple_regression!B331*cleaned_data!F41+multiple_regression!B332*cleaned_data!E41+multiple_regression!B333*cleaned_data!H41+multiple_regression!B334*cleaned_data!I41+multiple_regression!B335*cleaned_data!G41+multiple_regression!B336*cleaned_data!K41+multiple_regression!B337*dummy_variables!E44+multiple_regression!B338*dummy_variables!F44+multiple_regression!B339*dummy_variables!G44+multiple_regression!B340*dummy_variables!H44+multiple_regression!B341*dummy_variables!I44+multiple_regression!B342*dummy_variables!J44 -> 837415.68 | G43: =E43-F43 -> -8791.8295
A44: =cleaned_data!A42 -> STR-1011 | B44: =cleaned_data!B42 -> 45658 | C44: =cleaned_data!D42 -> Mall | D44: =cleaned_data!C42 -> East | E44: =cleaned_data!M42 -> 592195.85 | F44: =multiple_regression!B343+multiple_regression!B331*cleaned_data!F42+multiple_regression!B332*cleaned_data!E42+multiple_regression!B333*cleaned_data!H42+multiple_regression!B334*cleaned_data!I42+multiple_regression!B335*cleaned_data!G42+multiple_regression!B336*cleaned_data!K42+multiple_regression!B337*dummy_variables!E45+multiple_regression!B338*dummy_variables!F45+multiple_regression!B339*dummy_variables!G45+multiple_regression!B340*dummy_variables!H45+multiple_regression!B341*dummy_variables!I45+multiple_regression!B342*dummy_variables!J45 -> 579782.18 | G44: =E44-F44 -> 12413.667
A45: =cleaned_data!A43 -> STR-1011 | B45: =cleaned_data!B43 -> 45689 | C45: =cleaned_data!D43 -> Mall | D45: =cleaned_data!C43 -> East | E45: =cleaned_data!M43 -> 532644.46 | F45: =multiple_regression!B343+multiple_regression!B331*cleaned_data!F43+multiple_regression!B332*cleaned_data!E43+multiple_regression!B333*cleaned_data!H43+multiple_regression!B334*cleaned_data!I43+multiple_regression!B335*cleaned_data!G43+multiple_regression!B336*cleaned_data!K43+multiple_regression!B337*dummy_variables!E46+multiple_regression!B338*dummy_variables!F46+multiple_regression!B339*dummy_variables!G46+multiple_regression!B340*dummy_variables!H46+multiple_regression!B341*dummy_variables!I46+multiple_regression!B342*dummy_variables!J46 -> 514861.58 | G45: =E45-F45 -> 17782.876
A46: =cleaned_data!A44 -> STR-1011 | B46: =cleaned_data!B44 -> 45717 | C46: =cleaned_data!D44 -> Mall | D46: =cleaned_data!C44 -> East | E46: =cleaned_data!M44 -> 657429.18 | F46: =multiple_regression!B343+multiple_regression!B331*cleaned_data!F44+multiple_regression!B332*cleaned_data!E44+multiple_regression!B333*cleaned_data!H44+multiple_regression!B334*cleaned_data!I44+multiple_regression!B335*cleaned_data!G44+multiple_regression!B336*cleaned_data!K44+multiple_regression!B337*dummy_variables!E47+multiple_regression!B338*dummy_variables!F47+multiple_regression!B339*dummy_variables!G47+multiple_regression!B340*dummy_variables!H47+multiple_regression!B341*dummy_variables!I47+multiple_regression!B342*dummy_variables!J47 -> 611767.82 | G46: =E46-F46 -> 45661.36
A47: =cleaned_data!A45 -> STR-1011 | B47: =cleaned_data!B45 -> 45748 | C47: =cleaned_data!D45 -> Mall | D47: =cleaned_data!C45 -> East | E47: =cleaned_data!M45 -> 605178 | F47: =multiple_regression!B343+multiple_regression!B331*cleaned_data!F45+multiple_regression!B332*cleaned_data!E45+multiple_regression!B333*cleaned_data!H45+multiple_regression!B334*cleaned_data!I45+multiple_regression!B335*cleaned_data!G45+multiple_regression!B336*cleaned_data!K45+multiple_regression!B337*dummy_variables!E48+multiple_regression!B338*dummy_variables!F48+multiple_regression!B339*dummy_variables!G48+multiple_regression!B340*dummy_variables!H48+multiple_regression!B341*dummy_variables!I48+multiple_regression!B342*dummy_variables!J48 -> 600994.67 | G47: =E47-F47 -> 4183.3275
A48: =cleaned_data!A46 -> STR-1012 | B48: =cleaned_data!B46 -> 45658 | C48: =cleaned_data!D46 -> Residential | D48: =cleaned_data!C46 -> West | E48: =cleaned_data!M46 -> 595467.6 | F48: =multiple_regression!B343+multiple_regression!B331*cleaned_data!F46+multiple_regression!B332*cleaned_data!E46+multiple_regression!B333*cleaned_data!H46+multiple_regression!B334*cleaned_data!I46+multiple_regression!B335*cleaned_data!G46+multiple_regression!B336*cleaned_data!K46+multiple_regression!B337*dummy_variables!E49+multiple_regression!B338*dummy_variables!F49+multiple_regression!B339*dummy_variables!G49+multiple_regression!B340*dummy_variables!H49+multiple_regression!B341*dummy_variables!I49+multiple_regression!B342*dummy_variables!J49 -> 729837.04 | G48: =E48-F48 -> -134369.44
A49: =cleaned_data!A47 -> STR-1012 | B49: =cleaned_data!B47 -> 45689 | C49: =cleaned_data!D47 -> Residential | D49: =cleaned_data!C47 -> West | E49: =cleaned_data!M47 -> 599603.4 | F49: =multiple_regression!B343+multiple_regression!B331*cleaned_data!F47+multiple_regression!B332*cleaned_data!E47+multiple_regression!B333*cleaned_data!H47+multiple_regression!B334*cleaned_data!I47+multiple_regression!B335*cleaned_data!G47+multiple_regression!B336*cleaned_data!K47+multiple_regression!B337*dummy_variables!E50+multiple_regression!B338*dummy_variables!F50+multiple_regression!B339*dummy_variables!G50+multiple_regression!B340*dummy_variables!H50+multiple_regression!B341*dummy_variables!I50+multiple_regression!B342*dummy_variables!J50 -> 637553.8 | G49: =E49-F49 -> -37950.403
A50: =cleaned_data!A48 -> STR-1012 | B50: =cleaned_data!B48 -> 45717 | C50: =cleaned_data!D48 -> Residential | D50: =cleaned_data!C48 -> West | E50: =cleaned_data!M48 -> 614800.09 | F50: =multiple_regression!B343+multiple_regression!B331*cleaned_data!F48+multiple_regression!B332*cleaned_data!E48+multiple_regression!B333*cleaned_data!H48+multiple_regression!B334*cleaned_data!I48+multiple_regression!B335*cleaned_data!G48+multiple_regression!B336*cleaned_data!K48+multiple_regression!B337*dummy_variables!E51+multiple_regression!B338*dummy_variables!F51+multiple_regression!B339*dummy_variables!G51+multiple_regression!B340*dummy_variables!H51+multiple_regression!B341*dummy_variables!I51+multiple_regression!B342*dummy_variables!J51 -> 593317.63 | G50: =E50-F50 -> 21482.464
A51: =cleaned_data!A49 -> STR-1012 | B51: =cleaned_data!B49 -> 45748 | C51: =cleaned_data!D49 -> Residential | D51: =cleaned_data!C49 -> West | E51: =cleaned_data!M49 -> 585365.73 | F51: =multiple_regression!B343+multiple_regression!B331*cleaned_data!F49+multiple_regression!B332*cleaned_data!E49+multiple_regression!B333*cleaned_data!H49+multiple_regression!B334*cleaned_data!I49+multiple_regression!B335*cleaned_data!G49+multiple_regression!B336*cleaned_data!K49+multiple_regression!B337*dummy_variables!E52+multiple_regression!B338*dummy_variables!F52+multiple_regression!B339*dummy_variables!G52+multiple_regression!B340*dummy_variables!H52+multiple_regression!B341*dummy_variables!I52+multiple_regression!B342*dummy_variables!J52 -> 576748.83 | G51: =E51-F51 -> 8616.8992
A52: =cleaned_data!A50 -> STR-1013 | B52: =cleaned_data!B50 -> 45658 | C52: =cleaned_data!D50 -> Mall | D52: =cleaned_data!C50 -> North | E52: =cleaned_data!M50 -> 622811.74 | F52: =multiple_regression!B343+multiple_regression!B331*cleaned_data!F50+multiple_regression!B332*cleaned_data!E50+multiple_regression!B333*cleaned_data!H50+multiple_regression!B334*cleaned_data!I50+multiple_regression!B335*cleaned_data!G50+multiple_regression!B336*cleaned_data!K50+multiple_regression!B337*dummy_variables!E53+multiple_regression!B338*dummy_variables!F53+multiple_regression!B339*dummy_variables!G53+multiple_regression!B340*dummy_variables!H53+multiple_regression!B341*dummy_variables!I53+multiple_regression!B342*dummy_variables!J53 -> 662989.47 | G52: =E52-F52 -> -40177.734
A53: =cleaned_data!A51 -> STR-1013 | B53: =cleaned_data!B51 -> 45689 | C53: =cleaned_data!D51 -> Mall | D53: =cleaned_data!C51 -> North | E53: =cleaned_data!M51 -> 603297.57 | F53: =multiple_regression!B343+multiple_regression!B331*cleaned_data!F51+multiple_regression!B332*cleaned_data!E51+multiple_regression!B333*cleaned_data!H51+multiple_regression!B334*cleaned_data!I51+multiple_regression!B335*cleaned_data!G51+multiple_regression!B336*cleaned_data!K51+multiple_regression!B337*dummy_variables!E54+multiple_regression!B338*dummy_variables!F54+multiple_regression!B339*dummy_variables!G54+multiple_regression!B340*dummy_variables!H54+multiple_regression!B341*dummy_variables!I54+multiple_regression!B342*dummy_variables!J54 -> 587015.1 | G53: =E53-F53 -> 16282.473
A54: =cleaned_data!A52 -> STR-1013 | B54: =cleaned_data!B52 -> 45717 | C54: =cleaned_data!D52 -> Mall | D54: =cleaned_data!C52 -> North | E54: =cleaned_data!M52 -> 625672.86 | F54: =multiple_regression!B343+multiple_regression!B331*cleaned_data!F52+multiple_regression!B332*cleaned_data!E52+multiple_regression!B333*cleaned_data!H52+multiple_regression!B334*cleaned_data!I52+multiple_regression!B335*cleaned_data!G52+multiple_regression!B336*cleaned_data!K52+multiple_regression!B337*dummy_variables!E55+multiple_regression!B338*dummy_variables!F55+multiple_regression!B339*dummy_variables!G55+multiple_regression!B340*dummy_variables!H55+multiple_regression!B341*dummy_variables!I55+multiple_regression!B342*dummy_variables!J55 -> 606837.05 | G54: =E54-F54 -> 18835.806
A55: =cleaned_data!A53 -> STR-1013 | B55: =cleaned_data!B53 -> 45748 | C55: =cleaned_data!D53 -> Mall | D55: =cleaned_data!C53 -> North | E55: =cleaned_data!M53 -> 773815.14 | F55: =multiple_regression!B343+multiple_regression!B331*cleaned_data!F53+multiple_regression!B332*cleaned_data!E53+multiple_regression!B333*cleaned_data!H53+multiple_regression!B334*cleaned_data!I53+multiple_regression!B335*cleaned_data!G53+multiple_regression!B336*cleaned_data!K53+multiple_regression!B337*dummy_variables!E56+multiple_regression!B338*dummy_variables!F56+multiple_regression!B339*dummy_variables!G56+multiple_regression!B340*dummy_variables!H56+multiple_regression!B341*dummy_variables!I56+multiple_regression!B342*dummy_variables!J56 -> 742993.3 | G55: =E55-F55 -> 30821.84
A56: =cleaned_data!A54 -> STR-1014 | B56: =cleaned_data!B54 -> 45658 | C56: =cleaned_data!D54 -> High Street | D56: =cleaned_data!C54 -> West | E56: =cleaned_data!M54 -> 463534.25 | F56: =multiple_regression!B343+multiple_regression!B331*cleaned_data!F54+multiple_regression!B332*cleaned_data!E54+multiple_regression!B333*cleaned_data!H54+multiple_regression!B334*cleaned_data!I54+multiple_regression!B335*cleaned_data!G54+multiple_regression!B336*cleaned_data!K54+multiple_regression!B337*dummy_variables!E57+multiple_regression!B338*dummy_variables!F57+multiple_regression!B339*dummy_variables!G57+multiple_regression!B340*dummy_variables!H57+multiple_regression!B341*dummy_variables!I57+multiple_regression!B342*dummy_variables!J57 -> 559002.2 | G56: =E56-F56 -> -95467.951
A57: =cleaned_data!A55 -> STR-1014 | B57: =cleaned_data!B55 -> 45689 | C57: =cleaned_data!D55 -> High Street | D57: =cleaned_data!C55 -> West | E57: =cleaned_data!M55 -> 746677.75 | F57: =multiple_regression!B343+multiple_regression!B331*cleaned_data!F55+multiple_regression!B332*cleaned_data!E55+multiple_regression!B333*cleaned_data!H55+multiple_regression!B334*cleaned_data!I55+multiple_regression!B335*cleaned_data!G55+multiple_regression!B336*cleaned_data!K55+multiple_regression!B337*dummy_variables!E58+multiple_regression!B338*dummy_variables!F58+multiple_regression!B339*dummy_variables!G58+multiple_regression!B340*dummy_variables!H58+multiple_regression!B341*dummy_variables!I58+multiple_regression!B342*dummy_variables!J58 -> 705864.41 | G57: =E57-F57 -> 40813.336
A58: =cleaned_data!A56 -> STR-1014 | B58: =cleaned_data!B56 -> 45717 | C58: =cleaned_data!D56 -> High Street | D58: =cleaned_data!C56 -> West | E58: =cleaned_data!M56 -> 720852.5 | F58: =multiple_regression!B343+multiple_regression!B331*cleaned_data!F56+multiple_regression!B332*cleaned_data!E56+multiple_regression!B333*cleaned_data!H56+multiple_regression!B334*cleaned_data!I56+multiple_regression!B335*cleaned_data!G56+multiple_regression!B336*cleaned_data!K56+multiple_regression!B337*dummy_variables!E59+multiple_regression!B338*dummy_variables!F59+multiple_regression!B339*dummy_variables!G59+multiple_regression!B340*dummy_variables!H59+multiple_regression!B341*dummy_variables!I59+multiple_regression!B342*dummy_variables!J59 -> 679560.46 | G58: =E58-F58 -> 41292.035
A59: =cleaned_data!A57 -> STR-1014 | B59: =cleaned_data!B57 -> 45748 | C59: =cleaned_data!D57 -> High Street | D59: =cleaned_data!C57 -> West | E59: =cleaned_data!M57 -> 487464.91 | F59: =multiple_regression!B343+multiple_regression!B331*cleaned_data!F57+multiple_regression!B332*cleaned_data!E57+multiple_regression!B333*cleaned_data!H57+multiple_regression!B334*cleaned_data!I57+multiple_regression!B335*cleaned_data!G57+multiple_regression!B336*cleaned_data!K57+multiple_regression!B337*dummy_variables!E60+multiple_regression!B338*dummy_variables!F60+multiple_regression!B339*dummy_variables!G60+multiple_regression!B340*dummy_variables!H60+multiple_regression!B341*dummy_variables!I60+multiple_regression!B342*dummy_variables!J60 -> 545871.34 | G59: =E59-F59 -> -58406.434
A60: =cleaned_data!A58 -> STR-1015 | B60: =cleaned_data!B58 -> 45658 | C60: =cleaned_data!D58 -> Airport | D60: =cleaned_data!C58 -> East | E60: =cleaned_data!M58 -> 518049.26 | F60: =multiple_regression!B343+multiple_regression!B331*cleaned_data!F58+multiple_regression!B332*cleaned_data!E58+multiple_regression!B333*cleaned_data!H58+multiple_regression!B334*cleaned_data!I58+multiple_regression!B335*cleaned_data!G58+multiple_regression!B336*cleaned_data!K58+multiple_regression!B337*dummy_variables!E61+multiple_regression!B338*dummy_variables!F61+multiple_regression!B339*dummy_variables!G61+multiple_regression!B340*dummy_variables!H61+multiple_regression!B341*dummy_variables!I61+multiple_regression!B342*dummy_variables!J61 -> 541483.59 | G60: =E60-F60 -> -23434.329
A61: =cleaned_data!A59 -> STR-1015 | B61: =cleaned_data!B59 -> 45689 | C61: =cleaned_data!D59 -> Airport | D61: =cleaned_data!C59 -> East | E61: =cleaned_data!M59 -> 500298.48 | F61: =multiple_regression!B343+multiple_regression!B331*cleaned_data!F59+multiple_regression!B332*cleaned_data!E59+multiple_regression!B333*cleaned_data!H59+multiple_regression!B334*cleaned_data!I59+multiple_regression!B335*cleaned_data!G59+multiple_regression!B336*cleaned_data!K59+multiple_regression!B337*dummy_variables!E62+multiple_regression!B338*dummy_variables!F62+multiple_regression!B339*dummy_variables!G62+multiple_regression!B340*dummy_variables!H62+multiple_regression!B341*dummy_variables!I62+multiple_regression!B342*dummy_variables!J62 -> 532593.3 | G61: =E61-F61 -> -32294.823
A62: =cleaned_data!A60 -> STR-1015 | B62: =cleaned_data!B60 -> 45717 | C62: =cleaned_data!D60 -> Airport | D62: =cleaned_data!C60 -> East | E62: =cleaned_data!M60 -> 617291.15 | F62: =multiple_regression!B343+multiple_regression!B331*cleaned_data!F60+multiple_regression!B332*cleaned_data!E60+multiple_regression!B333*cleaned_data!H60+multiple_regression!B334*cleaned_data!I60+multiple_regression!B335*cleaned_data!G60+multiple_regression!B336*cleaned_data!K60+multiple_regression!B337*dummy_variables!E63+multiple_regression!B338*dummy_variables!F63+multiple_regression!B339*dummy_variables!G63+multiple_regression!B340*dummy_variables!H63+multiple_regression!B341*dummy_variables!I63+multiple_regression!B342*dummy_variables!J63 -> 669233.83 | G62: =E62-F62 -> -51942.682
A63: =cleaned_data!A61 -> STR-1015 | B63: =cleaned_data!B61 -> 45748 | C63: =cleaned_data!D61 -> Airport | D63: =cleaned_data!C61 -> East | E63: =cleaned_data!M61 -> 553756.43 | F63: =multiple_regression!B343+multiple_regression!B331*cleaned_data!F61+multiple_regression!B332*cleaned_data!E61+multiple_regression!B333*cleaned_data!H61+multiple_regression!B334*cleaned_data!I61+multiple_regression!B335*cleaned_data!G61+multiple_regression!B336*cleaned_data!K61+multiple_regression!B337*dummy_variables!E64+multiple_regression!B338*dummy_variables!F64+multiple_regression!B339*dummy_variables!G64+multiple_regression!B340*dummy_variables!H64+multiple_regression!B341*dummy_variables!I64+multiple_regression!B342*dummy_variables!J64 -> 618885.47 | G63: =E63-F63 -> -65129.036
A64: =cleaned_data!A62 -> STR-1016 | B64: =cleaned_data!B62 -> 45658 | C64: =cleaned_data!D62 -> High Street | D64: =cleaned_data!C62 -> South | E64: =cleaned_data!M62 -> 749559.71 | F64: =multiple_regression!B343+multiple_regression!B331*cleaned_data!F62+multiple_regression!B332*cleaned_data!E62+multiple_regression!B333*cleaned_data!H62+multiple_regression!B334*cleaned_data!I62+multiple_regression!B335*cleaned_data!G62+multiple_regression!B336*cleaned_data!K62+multiple_regression!B337*dummy_variables!E65+multiple_regression!B338*dummy_variables!F65+multiple_regression!B339*dummy_variables!G65+multiple_regression!B340*dummy_variables!H65+multiple_regression!B341*dummy_variables!I65+multiple_regression!B342*dummy_variables!J65 -> 697575.25 | G64: =E64-F64 -> 51984.46
A65: =cleaned_data!A63 -> STR-1016 | B65: =cleaned_data!B63 -> 45689 | C65: =cleaned_data!D63 -> High Street | D65: =cleaned_data!C63 -> South | E65: =cleaned_data!M63 -> 615966.48 | F65: =multiple_regression!B343+multiple_regression!B331*cleaned_data!F63+multiple_regression!B332*cleaned_data!E63+multiple_regression!B333*cleaned_data!H63+multiple_regression!B334*cleaned_data!I63+multiple_regression!B335*cleaned_data!G63+multiple_regression!B336*cleaned_data!K63+multiple_regression!B337*dummy_variables!E66+multiple_regression!B338*dummy_variables!F66+multiple_regression!B339*dummy_variables!G66+multiple_regression!B340*dummy_variables!H66+multiple_regression!B341*dummy_variables!I66+multiple_regression!B342*dummy_variables!J66 -> 575264.74 | G65: =E65-F65 -> 40701.736
A66: =cleaned_data!A64 -> STR-1016 | B66: =cleaned_data!B64 -> 45717 | C66: =cleaned_data!D64 -> High Street | D66: =cleaned_data!C64 -> South | E66: =cleaned_data!M64 -> 572011.2 | F66: =multiple_regression!B343+multiple_regression!B331*cleaned_data!F64+multiple_regression!B332*cleaned_data!E64+multiple_regression!B333*cleaned_data!H64+multiple_regression!B334*cleaned_data!I64+multiple_regression!B335*cleaned_data!G64+multiple_regression!B336*cleaned_data!K64+multiple_regression!B337*dummy_variables!E67+multiple_regression!B338*dummy_variables!F67+multiple_regression!B339*dummy_variables!G67+multiple_regression!B340*dummy_variables!H67+multiple_regression!B341*dummy_variables!I67+multiple_regression!B342*dummy_variables!J67 -> 583669.05 | G66: =E66-F66 -> -11657.845
A67: =cleaned_data!A65 -> STR-1016 | B67: =cleaned_data!B65 -> 45748 | C67: =cleaned_data!D65 -> High Street | D67: =cleaned_data!C65 -> South | E67: =cleaned_data!M65 -> 761860.19 | F67: =multiple_regression!B343+multiple_regression!B331*cleaned_data!F65+multiple_regression!B332*cleaned_data!E65+multiple_regression!B333*cleaned_data!H65+multiple_regression!B334*cleaned_data!I65+multiple_regression!B335*cleaned_data!G65+multiple_regression!B336*cleaned_data!K65+multiple_regression!B337*dummy_variables!E68+multiple_regression!B338*dummy_variables!F68+multiple_regression!B339*dummy_variables!G68+multiple_regression!B340*dummy_variables!H68+multiple_regression!B341*dummy_variables!I68+multiple_regression!B342*dummy_variables!J68 -> 724187.4 | G67: =E67-F67 -> 37672.789
A68: =cleaned_data!A66 -> STR-1017 | B68: =cleaned_data!B66 -> 45658 | C68: =cleaned_data!D66 -> High Street | D68: =cleaned_data!C66 -> West | E68: =cleaned_data!M66 -> 784502.68 | F68: =multiple_regression!B343+multiple_regression!B331*cleaned_data!F66+multiple_regression!B332*cleaned_data!E66+multiple_regression!B333*cleaned_data!H66+multiple_regression!B334*cleaned_data!I66+multiple_regression!B335*cleaned_data!G66+multiple_regression!B336*cleaned_data!K66+multiple_regression!B337*dummy_variables!E69+multiple_regression!B338*dummy_variables!F69+multiple_regression!B339*dummy_variables!G69+multiple_regression!B340*dummy_variables!H69+multiple_regression!B341*dummy_variables!I69+multiple_regression!B342*dummy_variables!J69 -> 833985.66 | G68: =E68-F68 -> -49482.981
A69: =cleaned_data!A67 -> STR-1017 | B69: =cleaned_data!B67 -> 45689 | C69: =cleaned_data!D67 -> High Street | D69: =cleaned_data!C67 -> West | E69: =cleaned_data!M67 -> 717141.55 | F69: =multiple_regression!B343+multiple_regression!B331*cleaned_data!F67+multiple_regression!B332*cleaned_data!E67+multiple_regression!B333*cleaned_data!H67+multiple_regression!B334*cleaned_data!I67+multiple_regression!B335*cleaned_data!G67+multiple_regression!B336*cleaned_data!K67+multiple_regression!B337*dummy_variables!E70+multiple_regression!B338*dummy_variables!F70+multiple_regression!B339*dummy_variables!G70+multiple_regression!B340*dummy_variables!H70+multiple_regression!B341*dummy_variables!I70+multiple_regression!B342*dummy_variables!J70 -> 738407.43 | G69: =E69-F69 -> -21265.88
A70: =cleaned_data!A68 -> STR-1017 | B70: =cleaned_data!B68 -> 45717 | C70: =cleaned_data!D68 -> High Street | D70: =cleaned_data!C68 -> West | E70: =cleaned_data!M68 -> 685379.08 | F70: =multiple_regression!B343+multiple_regression!B331*cleaned_data!F68+multiple_regression!B332*cleaned_data!E68+multiple_regression!B333*cleaned_data!H68+multiple_regression!B334*cleaned_data!I68+multiple_regression!B335*cleaned_data!G68+multiple_regression!B336*cleaned_data!K68+multiple_regression!B337*dummy_variables!E71+multiple_regression!B338*dummy_variables!F71+multiple_regression!B339*dummy_variables!G71+multiple_regression!B340*dummy_variables!H71+multiple_regression!B341*dummy_variables!I71+multiple_regression!B342*dummy_variables!J71 -> 860407.2 | G70: =E70-F70 -> -175028.12
A71: =cleaned_data!A69 -> STR-1017 | B71: =cleaned_data!B69 -> 45748 | C71: =cleaned_data!D69 -> High Street | D71: =cleaned_data!C69 -> West | E71: =cleaned_data!M69 -> 740496.65 | F71: =multiple_regression!B343+multiple_regression!B331*cleaned_data!F69+multiple_regression!B332*cleaned_data!E69+multiple_regression!B333*cleaned_data!H69+multiple_regression!B334*cleaned_data!I69+multiple_regression!B335*cleaned_data!G69+multiple_regression!B336*cleaned_data!K69+multiple_regression!B337*dummy_variables!E72+multiple_regression!B338*dummy_variables!F72+multiple_regression!B339*dummy_variables!G72+multiple_regression!B340*dummy_variables!H72+multiple_regression!B341*dummy_variables!I72+multiple_regression!B342*dummy_variables!J72 -> 732297.41 | G71: =E71-F71 -> 8199.238
A72: =cleaned_data!A70 -> STR-1018 | B72: =cleaned_data!B70 -> 45658 | C72: =cleaned_data!D70 -> High Street | D72: =cleaned_data!C70 -> East | E72: =cleaned_data!M70 -> 661927.14 | F72: =multiple_regression!B343+multiple_regression!B331*cleaned_data!F70+multiple_regression!B332*cleaned_data!E70+multiple_regression!B333*cleaned_data!H70+multiple_regression!B334*cleaned_data!I70+multiple_regression!B335*cleaned_data!G70+multiple_regression!B336*cleaned_data!K70+multiple_regression!B337*dummy_variables!E73+multiple_regression!B338*dummy_variables!F73+multiple_regression!B339*dummy_variables!G73+multiple_regression!B340*dummy_variables!H73+multiple_regression!B341*dummy_variables!I73+multiple_regression!B342*dummy_variables!J73 -> 602187.48 | G72: =E72-F72 -> 59739.66
A73: =cleaned_data!A71 -> STR-1018 | B73: =cleaned_data!B71 -> 45689 | C73: =cleaned_data!D71 -> High Street | D73: =cleaned_data!C71 -> East | E73: =cleaned_data!M71 -> 479050.5 | F73: =multiple_regression!B343+multiple_regression!B331*cleaned_data!F71+multiple_regression!B332*cleaned_data!E71+multiple_regression!B333*cleaned_data!H71+multiple_regression!B334*cleaned_data!I71+multiple_regression!B335*cleaned_data!G71+multiple_regression!B336*cleaned_data!K71+multiple_regression!B337*dummy_variables!E74+multiple_regression!B338*dummy_variables!F74+multiple_regression!B339*dummy_variables!G74+multiple_regression!B340*dummy_variables!H74+multiple_regression!B341*dummy_variables!I74+multiple_regression!B342*dummy_variables!J74 -> 501299.25 | G73: =E73-F73 -> -22248.75
A74: =cleaned_data!A72 -> STR-1018 | B74: =cleaned_data!B72 -> 45717 | C74: =cleaned_data!D72 -> High Street | D74: =cleaned_data!C72 -> East | E74: =cleaned_data!M72 -> 605023.87 | F74: =multiple_regression!B343+multiple_regression!B331*cleaned_data!F72+multiple_regression!B332*cleaned_data!E72+multiple_regression!B333*cleaned_data!H72+multiple_regression!B334*cleaned_data!I72+multiple_regression!B335*cleaned_data!G72+multiple_regression!B336*cleaned_data!K72+multiple_regression!B337*dummy_variables!E75+multiple_regression!B338*dummy_variables!F75+multiple_regression!B339*dummy_variables!G75+multiple_regression!B340*dummy_variables!H75+multiple_regression!B341*dummy_variables!I75+multiple_regression!B342*dummy_variables!J75 -> 578535.68 | G74: =E74-F74 -> 26488.19
A75: =cleaned_data!A73 -> STR-1018 | B75: =cleaned_data!B73 -> 45748 | C75: =cleaned_data!D73 -> High Street | D75: =cleaned_data!C73 -> East | E75: =cleaned_data!M73 -> 674774.09 | F75: =multiple_regression!B343+multiple_regression!B331*cleaned_data!F73+multiple_regression!B332*cleaned_data!E73+multiple_regression!B333*cleaned_data!H73+multiple_regression!B334*cleaned_data!I73+multiple_regression!B335*cleaned_data!G73+multiple_regression!B336*cleaned_data!K73+multiple_regression!B337*dummy_variables!E76+multiple_regression!B338*dummy_variables!F76+multiple_regression!B339*dummy_variables!G76+multiple_regression!B340*dummy_variables!H76+multiple_regression!B341*dummy_variables!I76+multiple_regression!B342*dummy_variables!J76 -> 626143.49 | G75: =E75-F75 -> 48630.602
A76: =cleaned_data!A74 -> STR-1019 | B76: =cleaned_data!B74 -> 45658 | C76: =cleaned_data!D74 -> Residential | D76: =cleaned_data!C74 -> East | E76: =cleaned_data!M74 -> 616069.41 | F76: =multiple_regression!B343+multiple_regression!B331*cleaned_data!F74+multiple_regression!B332*cleaned_data!E74+multiple_regression!B333*cleaned_data!H74+multiple_regression!B334*cleaned_data!I74+multiple_regression!B335*cleaned_data!G74+multiple_regression!B336*cleaned_data!K74+multiple_regression!B337*dummy_variables!E77+multiple_regression!B338*dummy_variables!F77+multiple_regression!B339*dummy_variables!G77+multiple_regression!B340*dummy_variables!H77+multiple_regression!B341*dummy_variables!I77+multiple_regression!B342*dummy_variables!J77 -> 573246.74 | G76: =E76-F76 -> 42822.673
A77: =cleaned_data!A75 -> STR-1019 | B77: =cleaned_data!B75 -> 45689 | C77: =cleaned_data!D75 -> Residential | D77: =cleaned_data!C75 -> East | E77: =cleaned_data!M75 -> 630829.94 | F77: =multiple_regression!B343+multiple_regression!B331*cleaned_data!F75+multiple_regression!B332*cleaned_data!E75+multiple_regression!B333*cleaned_data!H75+multiple_regression!B334*cleaned_data!I75+multiple_regression!B335*cleaned_data!G75+multiple_regression!B336*cleaned_data!K75+multiple_regression!B337*dummy_variables!E78+multiple_regression!B338*dummy_variables!F78+multiple_regression!B339*dummy_variables!G78+multiple_regression!B340*dummy_variables!H78+multiple_regression!B341*dummy_variables!I78+multiple_regression!B342*dummy_variables!J78 -> 683834.62 | G77: =E77-F77 -> -53004.678
A78: =cleaned_data!A76 -> STR-1019 | B78: =cleaned_data!B76 -> 45717 | C78: =cleaned_data!D76 -> Residential | D78: =cleaned_data!C76 -> East | E78: =cleaned_data!M76 -> 788087.68 | F78: =multiple_regression!B343+multiple_regression!B331*cleaned_data!F76+multiple_regression!B332*cleaned_data!E76+multiple_regression!B333*cleaned_data!H76+multiple_regression!B334*cleaned_data!I76+multiple_regression!B335*cleaned_data!G76+multiple_regression!B336*cleaned_data!K76+multiple_regression!B337*dummy_variables!E79+multiple_regression!B338*dummy_variables!F79+multiple_regression!B339*dummy_variables!G79+multiple_regression!B340*dummy_variables!H79+multiple_regression!B341*dummy_variables!I79+multiple_regression!B342*dummy_variables!J79 -> 711394.89 | G78: =E78-F78 -> 76692.785
A79: =cleaned_data!A77 -> STR-1019 | B79: =cleaned_data!B77 -> 45748 | C79: =cleaned_data!D77 -> Residential | D79: =cleaned_data!C77 -> East | E79: =cleaned_data!M77 -> 680840.36 | F79: =multiple_regression!B343+multiple_regression!B331*cleaned_data!F77+multiple_regression!B332*cleaned_data!E77+multiple_regression!B333*cleaned_data!H77+multiple_regression!B334*cleaned_data!I77+multiple_regression!B335*cleaned_data!G77+multiple_regression!B336*cleaned_data!K77+multiple_regression!B337*dummy_variables!E80+multiple_regression!B338*dummy_variables!F80+multiple_regression!B339*dummy_variables!G80+multiple_regression!B340*dummy_variables!H80+multiple_regression!B341*dummy_variables!I80+multiple_regression!B342*dummy_variables!J80 -> 697344.3 | G79: =E79-F79 -> -16503.935
A80: =cleaned_data!A78 -> STR-1020 | B80: =cleaned_data!B78 -> 45658 | C80: =cleaned_data!D78 -> High Street | D80: =cleaned_data!C78 -> South | E80: =cleaned_data!M78 -> 643657.47 | F80: =multiple_regression!B343+multiple_regression!B331*cleaned_data!F78+multiple_regression!B332*cleaned_data!E78+multiple_regression!B333*cleaned_data!H78+multiple_regression!B334*cleaned_data!I78+multiple_regression!B335*cleaned_data!G78+multiple_regression!B336*cleaned_data!K78+multiple_regression!B337*dummy_variables!E81+multiple_regression!B338*dummy_variables!F81+multiple_regression!B339*dummy_variables!G81+multiple_regression!B340*dummy_variables!H81+multiple_regression!B341*dummy_variables!I81+multiple_regression!B342*dummy_variables!J81 -> 671788.41 | G80: =E80-F80 -> -28130.943
A81: =cleaned_data!A79 -> STR-1020 | B81: =cleaned_data!B79 -> 45689 | C81: =cleaned_data!D79 -> High Street | D81: =cleaned_data!C79 -> South | E81: =cleaned_data!M79 -> 691112.6 | F81: =multiple_regression!B343+multiple_regression!B331*cleaned_data!F79+multiple_regression!B332*cleaned_data!E79+multiple_regression!B333*cleaned_data!H79+multiple_regression!B334*cleaned_data!I79+multiple_regression!B335*cleaned_data!G79+multiple_regression!B336*cleaned_data!K79+multiple_regression!B337*dummy_variables!E82+multiple_regression!B338*dummy_variables!F82+multiple_regression!B339*dummy_variables!G82+multiple_regression!B340*dummy_variables!H82+multiple_regression!B341*dummy_variables!I82+multiple_regression!B342*dummy_variables!J82 -> 649667.96 | G81: =E81-F81 -> 41444.64
A82: =cleaned_data!A80 -> STR-1020 | B82: =cleaned_data!B80 -> 45717 | C82: =cleaned_data!D80 -> High Street | D82: =cleaned_data!C80 -> South | E82: =cleaned_data!M80 -> 776922.17 | F82: =multiple_regression!B343+multiple_regression!B331*cleaned_data!F80+multiple_regression!B332*cleaned_data!E80+multiple_regression!B333*cleaned_data!H80+multiple_regression!B334*cleaned_data!I80+multiple_regression!B335*cleaned_data!G80+multiple_regression!B336*cleaned_data!K80+multiple_regression!B337*dummy_variables!E83+multiple_regression!B338*dummy_variables!F83+multiple_regression!B339*dummy_variables!G83+multiple_regression!B340*dummy_variables!H83+multiple_regression!B341*dummy_variables!I83+multiple_regression!B342*dummy_variables!J83 -> 722504.27 | G82: =E82-F82 -> 54417.904
A83: =cleaned_data!A81 -> STR-1020 | B83: =cleaned_data!B81 -> 45748 | C83: =cleaned_data!D81 -> High Street | D83: =cleaned_data!C81 -> South | E83: =cleaned_data!M81 -> 636561.34 | F83: =multiple_regression!B343+multiple_regression!B331*cleaned_data!F81+multiple_regression!B332*cleaned_data!E81+multiple_regression!B333*cleaned_data!H81+multiple_regression!B334*cleaned_data!I81+multiple_regression!B335*cleaned_data!G81+multiple_regression!B336*cleaned_data!K81+multiple_regression!B337*dummy_variables!E84+multiple_regression!B338*dummy_variables!F84+multiple_regression!B339*dummy_variables!G84+multiple_regression!B340*dummy_variables!H84+multiple_regression!B341*dummy_variables!I84+multiple_regression!B342*dummy_variables!J84 -> 660961.71 | G83: =E83-F83 -> -24400.367
A84: =cleaned_data!A82 -> STR-1021 | B84: =cleaned_data!B82 -> 45658 | C84: =cleaned_data!D82 -> Mall | D84: =cleaned_data!C82 -> West | E84: =cleaned_data!M82 -> 621369.58 | F84: =multiple_regression!B343+multiple_regression!B331*cleaned_data!F82+multiple_regression!B332*cleaned_data!E82+multiple_regression!B333*cleaned_data!H82+multiple_regression!B334*cleaned_data!I82+multiple_regression!B335*cleaned_data!G82+multiple_regression!B336*cleaned_data!K82+multiple_regression!B337*dummy_variables!E85+multiple_regression!B338*dummy_variables!F85+multiple_regression!B339*dummy_variables!G85+multiple_regression!B340*dummy_variables!H85+multiple_regression!B341*dummy_variables!I85+multiple_regression!B342*dummy_variables!J85 -> 651952.12 | G84: =E84-F84 -> -30582.542
A85: =cleaned_data!A83 -> STR-1021 | B85: =cleaned_data!B83 -> 45689 | C85: =cleaned_data!D83 -> Mall | D85: =cleaned_data!C83 -> West | E85: =cleaned_data!M83 -> 682208.01 | F85: =multiple_regression!B343+multiple_regression!B331*cleaned_data!F83+multiple_regression!B332*cleaned_data!E83+multiple_regression!B333*cleaned_data!H83+multiple_regression!B334*cleaned_data!I83+multiple_regression!B335*cleaned_data!G83+multiple_regression!B336*cleaned_data!K83+multiple_regression!B337*dummy_variables!E86+multiple_regression!B338*dummy_variables!F86+multiple_regression!B339*dummy_variables!G86+multiple_regression!B340*dummy_variables!H86+multiple_regression!B341*dummy_variables!I86+multiple_regression!B342*dummy_variables!J86 -> 631154.73 | G85: =E85-F85 -> 51053.283
A86: =cleaned_data!A84 -> STR-1021 | B86: =cleaned_data!B84 -> 45717 | C86: =cleaned_data!D84 -> Mall | D86: =cleaned_data!C84 -> West | E86: =cleaned_data!M84 -> 727241.86 | F86: =multiple_regression!B343+multiple_regression!B331*cleaned_data!F84+multiple_regression!B332*cleaned_data!E84+multiple_regression!B333*cleaned_data!H84+multiple_regression!B334*cleaned_data!I84+multiple_regression!B335*cleaned_data!G84+multiple_regression!B336*cleaned_data!K84+multiple_regression!B337*dummy_variables!E87+multiple_regression!B338*dummy_variables!F87+multiple_regression!B339*dummy_variables!G87+multiple_regression!B340*dummy_variables!H87+multiple_regression!B341*dummy_variables!I87+multiple_regression!B342*dummy_variables!J87 -> 658628.5 | G86: =E86-F86 -> 68613.362
A87: =cleaned_data!A85 -> STR-1021 | B87: =cleaned_data!B85 -> 45748 | C87: =cleaned_data!D85 -> Mall | D87: =cleaned_data!C85 -> West | E87: =cleaned_data!M85 -> 569100.78 | F87: =multiple_regression!B343+multiple_regression!B331*cleaned_data!F85+multiple_regression!B332*cleaned_data!E85+multiple_regression!B333*cleaned_data!H85+multiple_regression!B334*cleaned_data!I85+multiple_regression!B335*cleaned_data!G85+multiple_regression!B336*cleaned_data!K85+multiple_regression!B337*dummy_variables!E88+multiple_regression!B338*dummy_variables!F88+multiple_regression!B339*dummy_variables!G88+multiple_regression!B340*dummy_variables!H88+multiple_regression!B341*dummy_variables!I88+multiple_regression!B342*dummy_variables!J88 -> 557289.46 | G87: =E87-F87 -> 11811.318
A88: =cleaned_data!A86 -> STR-1022 | B88: =cleaned_data!B86 -> 45658 | C88: =cleaned_data!D86 -> High Street | D88: =cleaned_data!C86 -> West | E88: =cleaned_data!M86 -> 574436.29 | F88: =multiple_regression!B343+multiple_regression!B331*cleaned_data!F86+multiple_regression!B332*cleaned_data!E86+multiple_regression!B333*cleaned_data!H86+multiple_regression!B334*cleaned_data!I86+multiple_regression!B335*cleaned_data!G86+multiple_regression!B336*cleaned_data!K86+multiple_regression!B337*dummy_variables!E89+multiple_regression!B338*dummy_variables!F89+multiple_regression!B339*dummy_variables!G89+multiple_regression!B340*dummy_variables!H89+multiple_regression!B341*dummy_variables!I89+multiple_regression!B342*dummy_variables!J89 -> 552716.64 | G88: =E88-F88 -> 21719.651
A89: =cleaned_data!A87 -> STR-1022 | B89: =cleaned_data!B87 -> 45689 | C89: =cleaned_data!D87 -> High Street | D89: =cleaned_data!C87 -> West | E89: =cleaned_data!M87 -> 611766.72 | F89: =multiple_regression!B343+multiple_regression!B331*cleaned_data!F87+multiple_regression!B332*cleaned_data!E87+multiple_regression!B333*cleaned_data!H87+multiple_regression!B334*cleaned_data!I87+multiple_regression!B335*cleaned_data!G87+multiple_regression!B336*cleaned_data!K87+multiple_regression!B337*dummy_variables!E90+multiple_regression!B338*dummy_variables!F90+multiple_regression!B339*dummy_variables!G90+multiple_regression!B340*dummy_variables!H90+multiple_regression!B341*dummy_variables!I90+multiple_regression!B342*dummy_variables!J90 -> 643374.3 | G89: =E89-F89 -> -31607.583
A90: =cleaned_data!A88 -> STR-1022 | B90: =cleaned_data!B88 -> 45717 | C90: =cleaned_data!D88 -> High Street | D90: =cleaned_data!C88 -> West | E90: =cleaned_data!M88 -> 614596.32 | F90: =multiple_regression!B343+multiple_regression!B331*cleaned_data!F88+multiple_regression!B332*cleaned_data!E88+multiple_regression!B333*cleaned_data!H88+multiple_regression!B334*cleaned_data!I88+multiple_regression!B335*cleaned_data!G88+multiple_regression!B336*cleaned_data!K88+multiple_regression!B337*dummy_variables!E91+multiple_regression!B338*dummy_variables!F91+multiple_regression!B339*dummy_variables!G91+multiple_regression!B340*dummy_variables!H91+multiple_regression!B341*dummy_variables!I91+multiple_regression!B342*dummy_variables!J91 -> 622548.17 | G90: =E90-F90 -> -7951.8455
A91: =cleaned_data!A89 -> STR-1022 | B91: =cleaned_data!B89 -> 45748 | C91: =cleaned_data!D89 -> High Street | D91: =cleaned_data!C89 -> West | E91: =cleaned_data!M89 -> 450711.92 | F91: =multiple_regression!B343+multiple_regression!B331*cleaned_data!F89+multiple_regression!B332*cleaned_data!E89+multiple_regression!B333*cleaned_data!H89+multiple_regression!B334*cleaned_data!I89+multiple_regression!B335*cleaned_data!G89+multiple_regression!B336*cleaned_data!K89+multiple_regression!B337*dummy_variables!E92+multiple_regression!B338*dummy_variables!F92+multiple_regression!B339*dummy_variables!G92+multiple_regression!B340*dummy_variables!H92+multiple_regression!B341*dummy_variables!I92+multiple_regression!B342*dummy_variables!J92 -> 466689.97 | G91: =E91-F91 -> -15978.047
A92: =cleaned_data!A90 -> STR-1023 | B92: =cleaned_data!B90 -> 45658 | C92: =cleaned_data!D90 -> Mall | D92: =cleaned_data!C90 -> South | E92: =cleaned_data!M90 -> 711213.46 | F92: =multiple_regression!B343+multiple_regression!B331*cleaned_data!F90+multiple_regression!B332*cleaned_data!E90+multiple_regression!B333*cleaned_data!H90+multiple_regression!B334*cleaned_data!I90+multiple_regression!B335*cleaned_data!G90+multiple_regression!B336*cleaned_data!K90+multiple_regression!B337*dummy_variables!E93+multiple_regression!B338*dummy_variables!F93+multiple_regression!B339*dummy_variables!G93+multiple_regression!B340*dummy_variables!H93+multiple_regression!B341*dummy_variables!I93+multiple_regression!B342*dummy_variables!J93 -> 703488.51 | G92: =E92-F92 -> 7724.9506
A93: =cleaned_data!A91 -> STR-1023 | B93: =cleaned_data!B91 -> 45689 | C93: =cleaned_data!D91 -> Mall | D93: =cleaned_data!C91 -> South | E93: =cleaned_data!M91 -> 627171.9 | F93: =multiple_regression!B343+multiple_regression!B331*cleaned_data!F91+multiple_regression!B332*cleaned_data!E91+multiple_regression!B333*cleaned_data!H91+multiple_regression!B334*cleaned_data!I91+multiple_regression!B335*cleaned_data!G91+multiple_regression!B336*cleaned_data!K91+multiple_regression!B337*dummy_variables!E94+multiple_regression!B338*dummy_variables!F94+multiple_regression!B339*dummy_variables!G94+multiple_regression!B340*dummy_variables!H94+multiple_regression!B341*dummy_variables!I94+multiple_regression!B342*dummy_variables!J94 -> 753250.12 | G93: =E93-F93 -> -126078.22
A94: =cleaned_data!A92 -> STR-1023 | B94: =cleaned_data!B92 -> 45717 | C94: =cleaned_data!D92 -> Mall | D94: =cleaned_data!C92 -> South | E94: =cleaned_data!M92 -> 739852.58 | F94: =multiple_regression!B343+multiple_regression!B331*cleaned_data!F92+multiple_regression!B332*cleaned_data!E92+multiple_regression!B333*cleaned_data!H92+multiple_regression!B334*cleaned_data!I92+multiple_regression!B335*cleaned_data!G92+multiple_regression!B336*cleaned_data!K92+multiple_regression!B337*dummy_variables!E95+multiple_regression!B338*dummy_variables!F95+multiple_regression!B339*dummy_variables!G95+multiple_regression!B340*dummy_variables!H95+multiple_regression!B341*dummy_variables!I95+multiple_regression!B342*dummy_variables!J95 -> 729442.31 | G94: =E94-F94 -> 10410.273
A95: =cleaned_data!A93 -> STR-1023 | B95: =cleaned_data!B93 -> 45748 | C95: =cleaned_data!D93 -> Mall | D95: =cleaned_data!C93 -> South | E95: =cleaned_data!M93 -> 586307.22 | F95: =multiple_regression!B343+multiple_regression!B331*cleaned_data!F93+multiple_regression!B332*cleaned_data!E93+multiple_regression!B333*cleaned_data!H93+multiple_regression!B334*cleaned_data!I93+multiple_regression!B335*cleaned_data!G93+multiple_regression!B336*cleaned_data!K93+multiple_regression!B337*dummy_variables!E96+multiple_regression!B338*dummy_variables!F96+multiple_regression!B339*dummy_variables!G96+multiple_regression!B340*dummy_variables!H96+multiple_regression!B341*dummy_variables!I96+multiple_regression!B342*dummy_variables!J96 -> 566809.62 | G95: =E95-F95 -> 19497.602
A96: =cleaned_data!A94 -> STR-1024 | B96: =cleaned_data!B94 -> 45658 | C96: =cleaned_data!D94 -> Residential | D96: =cleaned_data!C94 -> West | E96: =cleaned_data!M94 -> 585937.48 | F96: =multiple_regression!B343+multiple_regression!B331*cleaned_data!F94+multiple_regression!B332*cleaned_data!E94+multiple_regression!B333*cleaned_data!H94+multiple_regression!B334*cleaned_data!I94+multiple_regression!B335*cleaned_data!G94+multiple_regression!B336*cleaned_data!K94+multiple_regression!B337*dummy_variables!E97+multiple_regression!B338*dummy_variables!F97+multiple_regression!B339*dummy_variables!G97+multiple_regression!B340*dummy_variables!H97+multiple_regression!B341*dummy_variables!I97+multiple_regression!B342*dummy_variables!J97 -> 589746.73 | G96: =E96-F96 -> -3809.2482
A97: =cleaned_data!A95 -> STR-1024 | B97: =cleaned_data!B95 -> 45689 | C97: =cleaned_data!D95 -> Residential | D97: =cleaned_data!C95 -> West | E97: =cleaned_data!M95 -> 753473.55 | F97: =multiple_regression!B343+multiple_regression!B331*cleaned_data!F95+multiple_regression!B332*cleaned_data!E95+multiple_regression!B333*cleaned_data!H95+multiple_regression!B334*cleaned_data!I95+multiple_regression!B335*cleaned_data!G95+multiple_regression!B336*cleaned_data!K95+multiple_regression!B337*dummy_variables!E98+multiple_regression!B338*dummy_variables!F98+multiple_regression!B339*dummy_variables!G98+multiple_regression!B340*dummy_variables!H98+multiple_regression!B341*dummy_variables!I98+multiple_regression!B342*dummy_variables!J98 -> 692815.51 | G97: =E97-F97 -> 60658.038
A98: =cleaned_data!A96 -> STR-1024 | B98: =cleaned_data!B96 -> 45717 | C98: =cleaned_data!D96 -> Residential | D98: =cleaned_data!C96 -> West | E98: =cleaned_data!M96 -> 838250.32 | F98: =multiple_regression!B343+multiple_regression!B331*cleaned_data!F96+multiple_regression!B332*cleaned_data!E96+multiple_regression!B333*cleaned_data!H96+multiple_regression!B334*cleaned_data!I96+multiple_regression!B335*cleaned_data!G96+multiple_regression!B336*cleaned_data!K96+multiple_regression!B337*dummy_variables!E99+multiple_regression!B338*dummy_variables!F99+multiple_regression!B339*dummy_variables!G99+multiple_regression!B340*dummy_variables!H99+multiple_regression!B341*dummy_variables!I99+multiple_regression!B342*dummy_variables!J99 -> 757126.92 | G98: =E98-F98 -> 81123.401
A99: =cleaned_data!A97 -> STR-1024 | B99: =cleaned_data!B97 -> 45748 | C99: =cleaned_data!D97 -> Residential | D99: =cleaned_data!C97 -> West | E99: =cleaned_data!M97 -> 607898.12 | F99: =multiple_regression!B343+multiple_regression!B331*cleaned_data!F97+multiple_regression!B332*cleaned_data!E97+multiple_regression!B333*cleaned_data!H97+multiple_regression!B334*cleaned_data!I97+multiple_regression!B335*cleaned_data!G97+multiple_regression!B336*cleaned_data!K97+multiple_regression!B337*dummy_variables!E100+multiple_regression!B338*dummy_variables!F100+multiple_regression!B339*dummy_variables!G100+multiple_regression!B340*dummy_variables!H100+multiple_regression!B341*dummy_variables!I100+multiple_regression!B342*dummy_variables!J100 -> 617196.14 | G99: =E99-F99 -> -9298.0243
A100: =cleaned_data!A98 -> STR-1025 | B100: =cleaned_data!B98 -> 45658 | C100: =cleaned_data!D98 -> Mall | D100: =cleaned_data!C98 -> West | E100: =cleaned_data!M98 -> 691113.62 | F100: =multiple_regression!B343+multiple_regression!B331*cleaned_data!F98+multiple_regression!B332*cleaned_data!E98+multiple_regression!B333*cleaned_data!H98+multiple_regression!B334*cleaned_data!I98+multiple_regression!B335*cleaned_data!G98+multiple_regression!B336*cleaned_data!K98+multiple_regression!B337*dummy_variables!E101+multiple_regression!B338*dummy_variables!F101+multiple_regression!B339*dummy_variables!G101+multiple_regression!B340*dummy_variables!H101+multiple_regression!B341*dummy_variables!I101+multiple_regression!B342*dummy_variables!J101 -> 714218.84 | G100: =E100-F100 -> -23105.221
A101: =cleaned_data!A99 -> STR-1025 | B101: =cleaned_data!B99 -> 45689 | C101: =cleaned_data!D99 -> Mall | D101: =cleaned_data!C99 -> West | E101: =cleaned_data!M99 -> 735509.4 | F101: =multiple_regression!B343+multiple_regression!B331*cleaned_data!F99+multiple_regression!B332*cleaned_data!E99+multiple_regression!B333*cleaned_data!H99+multiple_regression!B334*cleaned_data!I99+multiple_regression!B335*cleaned_data!G99+multiple_regression!B336*cleaned_data!K99+multiple_regression!B337*dummy_variables!E102+multiple_regression!B338*dummy_variables!F102+multiple_regression!B339*dummy_variables!G102+multiple_regression!B340*dummy_variables!H102+multiple_regression!B341*dummy_variables!I102+multiple_regression!B342*dummy_variables!J102 -> 665516.57 | G101: =E101-F101 -> 69992.831
...

Sheet model_comparison
A1: Model Comparison: Simple vs Multiple Regression
A3: Model | B3: Independent Variable(s) | C3: R-squared | D3: Key P-value(s) | E3: N | F3: Notes
A4: Model A: Simple — marketing_spend | B4: marketing_spend | C4: =simple_regression!B7 -> 0.16724469 | D4: =simple_regression!B11 -> 2.4800615e-14 | E4: =simple_regression!B8 -> 320 | F4: Significant but explains only ~17% of variance alone
A5: Model B: Simple — footfall | B5: footfall | C5: =simple_regression!B18 -> 0.73628534 | D5: =simple_regression!B22 -> 4.7503615e-94 | E5: =simple_regression!B19 -> 320 | F5: Strongest single predictor; explains ~74% of variance alone
A6: Model C: Simple — inventory_availability_pct | B6: inventory_availability_pct | C6: =simple_regression!B29 -> 0.013115016 | D6: =simple_regression!B33 -> 0.040625297 | E6: =simple_regression!B30 -> 320 | F6: Statistically significant but practically very weak (R² ≈ 0.01)
A7: Model D: Multiple regression (final model) | B7: footfall, marketing_spend, staff_count, inventory_availability_pct, avg_discount_pct, holiday_flag, store_type (dummies), region (dummies) | C7: =multiple_regression!B346 -> 0.83374827 | D7: see analysis/model_comparison.md for full p-value table | E7: =multiple_regression!B351 -> 320 | F7: Best explanatory power; controls for store type, region, and other drivers simultaneously
